obserwacja;dla_2_atrybutow;%_obserwacji_2;dla_3_atrybutow;%_obserwacji_3;dla_4_atrybutow;%_obserwacji_4;dla_5_atrybutow;%_obserwacji_5;dla_6_atrybutow;%_obserwacji_6;dla_7_atrybutow;%_obserwacji_7;dla_8_atrybutow;%_obserwacji_8;dla_9_atrybutow;%_obserwacji_9;dla_10_atrybutow;%_obserwacji_10;dla_11_atrybutow;%_obserwacji_11;dla_12_atrybutow;%_obserwacji_12;dla_wszystkich_kombinacji;%_obserwacji_caly_zbior
0;30;45.455;86;39.091;217;43.838;366;46.212;327;35.390;342;43.182;207;41.818;122;55.455;52;78.788;4;33.333;1;100.000;1754;42.959
1;13;19.697;57;25.909;165;33.333;280;35.354;391;42.316;291;36.742;110;22.222;59;26.818;9;13.636;6;50.000;0;0.000;1381;33.823
2;1;1.515;0;0.000;0;0.000;0;0.000;0;0.000;0;0.000;0;0.000;0;0.000;0;0.000;0;0.000;0;0.000;1;0.024
3;12;18.182;40;18.182;74;14.949;140;17.677;72;7.792;75;9.470;94;18.990;18;8.182;3;4.545;0;0.000;0;0.000;528;12.932
4;30;45.455;136;61.818;334;67.475;540;68.182;722;78.139;649;81.944;408;82.424;200;90.909;62;93.939;12;100.000;1;100.000;3094;75.778
5;26;39.394;83;37.727;199;40.202;342;43.182;456;49.351;422;53.283;294;59.394;127;57.727;18;27.273;9;75.000;1;100.000;1977;48.420
6;25;37.879;86;39.091;205;41.414;334;42.172;373;40.368;384;48.485;243;49.091;91;41.364;43;65.152;10;83.333;0;0.000;1794;43.938
7;2;3.030;0;0.000;0;0.000;0;0.000;9;0.974;0;0.000;0;0.000;0;0.000;0;0.000;0;0.000;0;0.000;11;0.269
8;19;28.788;74;33.636;127;25.657;175;22.096;378;40.909;229;28.914;67;13.535;56;25.455;16;24.242;0;0.000;0;0.000;1141;27.945
9;5;7.576;0;0.000;0;0.000;0;0.000;0;0.000;0;0.000;0;0.000;0;0.000;0;0.000;0;0.000;0;0.000;5;0.122
10;10;15.152;23;10.455;54;10.909;57;7.197;85;9.199;32;4.040;16;3.232;8;3.636;1;1.515;0;0.000;0;0.000;286;7.005
11;6;9.091;15;6.818;3;0.606;1;0.126;6;0.649;3;0.379;0;0.000;0;0.000;0;0.000;0;0.000;0;0.000;34;0.833
12;5;7.576;4;1.818;8;1.616;16;2.020;1;0.108;1;0.126;0;0.000;0;0.000;0;0.000;0;0.000;0;0.000;35;0.857
13;24;36.364;90;40.909;251;50.707;428;54.040;648;70.130;538;67.929;337;68.081;183;83.182;57;86.364;9;75.000;1;100.000;2566;62.846
14;13;19.697;56;25.455;165;33.333;328;41.414;412;44.589;369;46.591;300;60.606;72;32.727;44;66.667;0;0.000;1;100.000;1760;43.106
15;3;4.545;2;0.909;1;0.202;1;0.126;2;0.216;0;0.000;0;0.000;0;0.000;0;0.000;0;0.000;0;0.000;9;0.220
16;26;39.394;73;33.182;164;33.131;302;38.131;348;37.662;322;40.657;182;36.768;118;53.636;32;48.485;5;41.667;1;100.000;1573;38.526
17;7;10.606;28;12.727;42;8.485;80;10.101;86;9.307;39;4.924;21;4.242;3;1.364;8;12.121;1;8.333;0;0.000;315;7.715
18;11;16.667;51;23.182;96;19.394;30;3.788;8;0.866;9;1.136;1;0.202;1;0.455;0;0.000;0;0.000;0;0.000;207;5.070
19;8;12.121;20;9.091;17;3.434;21;2.652;31;3.355;13;1.641;3;0.606;1;0.455;0;0.000;0;0.000;0;0.000;114;2.792
20;14;21.212;29;13.182;52;10.505;54;6.818;75;8.117;61;7.702;37;7.475;10;4.545;0;0.000;0;0.000;0;0.000;332;8.131
21;7;10.606;17;7.727;18;3.636;14;1.768;59;6.385;1;0.126;2;0.404;2;0.909;0;0.000;0;0.000;0;0.000;120;2.939
22;15;22.727;64;29.091;130;26.263;206;26.010;246;26.623;222;28.030;132;26.667;92;41.818;8;12.121;2;16.667;0;0.000;1117;27.357
23;8;12.121;32;14.545;19;3.838;19;2.399;89;9.632;8;1.010;4;0.808;0;0.000;0;0.000;0;0.000;0;0.000;179;4.384
24;1;1.515;1;0.455;0;0.000;0;0.000;0;0.000;0;0.000;0;0.000;0;0.000;0;0.000;0;0.000;0;0.000;2;0.049
25;5;7.576;7;3.182;4;0.808;0;0.000;7;0.758;0;0.000;0;0.000;0;0.000;0;0.000;0;0.000;0;0.000;23;0.563
26;2;3.030;2;0.909;4;0.808;0;0.000;0;0.000;0;0.000;0;0.000;0;0.000;0;0.000;0;0.000;0;0.000;8;0.196
27;8;12.121;17;7.727;45;9.091;42;5.303;24;2.597;31;3.914;5;1.010;5;2.273;0;0.000;0;0.000;0;0.000;177;4.335
29;6;9.091;21;9.545;17;3.434;8;1.010;4;0.433;0;0.000;0;0.000;1;0.455;0;0.000;0;0.000;0;0.000;57;1.396
30;5;7.576;16;7.273;26;5.253;36;4.545;35;3.788;7;0.884;20;4.040;3;1.364;1;1.515;0;0.000;0;0.000;149;3.649
31;6;9.091;18;8.182;36;7.273;57;7.197;77;8.333;21;2.652;21;4.242;8;3.636;1;1.515;0;0.000;0;0.000;245;6.000
32;9;13.636;29;13.182;46;9.293;57;7.197;49;5.303;33;4.167;17;3.434;2;0.909;0;0.000;0;0.000;0;0.000;242;5.927
33;1;1.515;0;0.000;0;0.000;0;0.000;0;0.000;0;0.000;0;0.000;0;0.000;0;0.000;0;0.000;0;0.000;1;0.024
34;18;27.273;75;34.091;177;35.758;309;39.015;237;25.649;231;29.167;204;41.212;49;22.273;34;51.515;0;0.000;1;100.000;1335;32.697
35;22;33.333;88;40.000;221;44.646;403;50.884;566;61.255;467;58.965;186;37.576;164;74.545;38;57.576;12;100.000;1;100.000;2168;53.098
36;1;1.515;1;0.455;0;0.000;0;0.000;0;0.000;0;0.000;0;0.000;0;0.000;0;0.000;0;0.000;0;0.000;2;0.049
37;24;36.364;77;35.000;152;30.707;289;36.490;275;29.762;126;15.909;173;34.949;66;30.000;23;34.848;5;41.667;0;0.000;1210;29.635
38;5;7.576;23;10.455;55;11.111;80;10.101;165;17.857;95;11.995;15;3.030;53;24.091;6;9.091;0;0.000;0;0.000;497;12.172
39;8;12.121;12;5.455;12;2.424;8;1.010;19;2.056;9;1.136;7;1.414;0;0.000;0;0.000;0;0.000;0;0.000;75;1.837
40;1;1.515;0;0.000;0;0.000;0;0.000;0;0.000;0;0.000;0;0.000;0;0.000;0;0.000;0;0.000;0;0.000;1;0.024
41;3;4.545;10;4.545;12;2.424;12;1.515;0;0.000;0;0.000;0;0.000;0;0.000;0;0.000;0;0.000;0;0.000;37;0.906
42;5;7.576;10;4.545;28;5.657;11;1.389;5;0.541;1;0.126;1;0.202;1;0.455;0;0.000;0;0.000;0;0.000;62;1.518
43;10;15.152;44;20.000;107;21.616;181;22.854;223;24.134;229;28.914;128;25.859;54;24.545;12;18.182;0;0.000;0;0.000;988;24.198
44;11;16.667;55;25.000;143;28.889;211;26.641;77;8.333;37;4.672;24;4.848;0;0.000;1;1.515;0;0.000;0;0.000;559;13.691
45;4;6.061;3;1.364;3;0.606;8;1.010;0;0.000;4;0.505;0;0.000;0;0.000;0;0.000;0;0.000;0;0.000;22;0.539
46;8;12.121;33;15.000;35;7.071;42;5.303;37;4.004;22;2.778;1;0.202;0;0.000;0;0.000;0;0.000;0;0.000;178;4.360
47;7;10.606;11;5.000;16;3.232;20;2.525;30;3.247;31;3.914;18;3.636;0;0.000;0;0.000;0;0.000;0;0.000;133;3.257
48;25;37.879;84;38.182;228;46.061;358;45.202;505;54.654;433;54.672;247;49.899;132;60.000;44;66.667;9;75.000;1;100.000;2066;50.600
49;11;16.667;42;19.091;81;16.364;143;18.056;148;16.017;144;18.182;14;2.828;31;14.091;0;0.000;0;0.000;0;0.000;614;15.038
50;32;48.485;118;53.636;290;58.586;513;64.773;561;60.714;577;72.854;301;60.808;171;77.727;53;80.303;10;83.333;1;100.000;2627;64.340
52;16;24.242;68;30.909;172;34.747;327;41.288;423;45.779;433;54.672;251;50.707;132;60.000;35;53.030;2;16.667;0;0.000;1859;45.530
53;11;16.667;55;25.000;142;28.687;228;28.788;128;13.853;36;4.545;80;16.162;23;10.455;1;1.515;1;8.333;0;0.000;705;17.267
54;16;24.242;36;16.364;84;16.970;102;12.879;168;18.182;140;17.677;57;11.515;23;10.455;11;16.667;2;16.667;0;0.000;639;15.650
55;6;9.091;23;10.455;54;10.909;83;10.480;92;9.957;52;6.566;7;1.414;17;7.727;1;1.515;0;0.000;0;0.000;335;8.205
57;14;21.212;38;17.273;38;7.677;36;4.545;48;5.195;9;1.136;9;1.818;5;2.273;0;0.000;0;0.000;0;0.000;197;4.825
58;1;1.515;1;0.455;0;0.000;0;0.000;0;0.000;0;0.000;0;0.000;0;0.000;0;0.000;0;0.000;0;0.000;2;0.049
60;17;25.758;49;22.273;101;20.404;133;16.793;225;24.351;94;11.869;43;8.687;38;17.273;14;21.212;3;25.000;0;0.000;717;17.561
61;17;25.758;44;20.000;121;24.444;140;17.677;195;21.104;184;23.232;87;17.576;39;17.727;4;6.061;6;50.000;0;0.000;837;20.500
63;21;31.818;81;36.818;207;41.818;372;46.970;448;48.485;350;44.192;278;56.162;166;75.455;43;65.152;10;83.333;1;100.000;1977;48.420
64;2;3.030;4;1.818;3;0.606;2;0.253;0;0.000;1;0.126;0;0.000;0;0.000;0;0.000;0;0.000;0;0.000;12;0.294
65;2;3.030;5;2.273;6;1.212;1;0.126;4;0.433;1;0.126;0;0.000;0;0.000;0;0.000;0;0.000;0;0.000;19;0.465
66;0;0.000;0;0.000;0;0.000;0;0.000;1;0.108;0;0.000;0;0.000;0;0.000;0;0.000;0;0.000;0;0.000;1;0.024
67;11;16.667;49;22.273;130;26.263;100;12.626;59;6.385;88;11.111;8;1.616;18;8.182;0;0.000;0;0.000;0;0.000;463;11.340
68;3;4.545;1;0.455;0;0.000;0;0.000;0;0.000;0;0.000;0;0.000;0;0.000;0;0.000;0;0.000;0;0.000;4;0.098
69;6;9.091;15;6.818;20;4.040;19;2.399;10;1.082;12;1.515;15;3.030;0;0.000;0;0.000;0;0.000;0;0.000;97;2.376
70;1;1.515;0;0.000;0;0.000;0;0.000;0;0.000;0;0.000;0;0.000;0;0.000;0;0.000;0;0.000;0;0.000;1;0.024
71;9;13.636;34;15.455;70;14.141;127;16.035;67;7.251;40;5.051;24;4.848;8;3.636;0;0.000;0;0.000;0;0.000;379;9.282
72;27;40.909;94;42.727;259;52.323;444;56.061;523;56.602;503;63.510;336;67.879;180;81.818;47;71.212;11;91.667;1;100.000;2425;59.393
73;12;18.182;49;22.273;114;23.030;135;17.045;307;33.225;142;17.929;10;2.020;9;4.091;16;24.242;1;8.333;0;0.000;795;19.471
74;20;30.303;71;32.273;164;33.131;292;36.869;368;39.827;348;43.939;204;41.212;134;60.909;25;37.879;10;83.333;1;100.000;1637;40.093
75;5;7.576;17;7.727;27;5.455;13;1.641;89;9.632;7;0.884;1;0.202;0;0.000;0;0.000;0;0.000;0;0.000;159;3.894
76;11;16.667;41;18.636;110;22.222;184;23.232;126;13.636;169;21.338;88;17.778;41;18.636;12;18.182;0;0.000;0;0.000;782;19.153
77;14;21.212;37;16.818;99;20.000;54;6.818;95;10.281;90;11.364;119;24.040;1;0.455;10;15.152;0;0.000;0;0.000;519;12.711
78;9;13.636;24;10.909;81;16.364;125;15.783;75;8.117;63;7.955;51;10.303;10;4.545;5;7.576;0;0.000;0;0.000;443;10.850
79;11;16.667;38;17.273;52;10.505;90;11.364;37;4.004;37;4.672;2;0.404;5;2.273;0;0.000;0;0.000;0;0.000;272;6.662
80;19;28.788;59;26.818;135;27.273;248;31.313;323;34.957;86;10.859;26;5.253;34;15.455;10;15.152;0;0.000;0;0.000;940;23.022
81;16;24.242;69;31.364;146;29.495;305;38.510;339;36.688;293;36.995;153;30.909;99;45.000;37;56.061;1;8.333;0;0.000;1458;35.709
82;28;42.424;114;51.818;280;56.566;447;56.439;575;62.229;530;66.919;364;73.535;166;75.455;45;68.182;11;91.667;1;100.000;2561;62.723
83;12;18.182;22;10.000;47;9.495;19;2.399;10;1.082;17;2.146;17;3.434;0;0.000;0;0.000;0;0.000;0;0.000;144;3.527
84;31;46.970;136;61.818;361;72.929;634;80.051;778;84.199;714;90.152;438;88.485;213;96.818;64;96.970;12;100.000;1;100.000;3382;82.831
85;16;24.242;68;30.909;144;29.091;236;29.798;352;38.095;270;34.091;136;27.475;89;40.455;34;51.515;2;16.667;0;0.000;1347;32.990
87;3;4.545;4;1.818;8;1.616;4;0.505;5;0.541;1;0.126;2;0.404;0;0.000;0;0.000;0;0.000;0;0.000;27;0.661
88;12;18.182;38;17.273;75;15.152;63;7.955;44;4.762;36;4.545;35;7.071;1;0.455;3;4.545;0;0.000;0;0.000;307;7.519
89;9;13.636;42;19.091;88;17.778;169;21.338;230;24.892;236;29.798;81;16.364;42;19.091;10;15.152;2;16.667;0;0.000;909;22.263
90;10;15.152;20;9.091;68;13.737;117;14.773;62;6.710;40;5.051;71;14.343;0;0.000;16;24.242;0;0.000;0;0.000;404;9.895
91;19;28.788;48;21.818;109;22.020;121;15.278;206;22.294;95;11.995;104;21.010;0;0.000;4;6.061;0;0.000;0;0.000;706;17.291
92;20;30.303;41;18.636;63;12.727;55;6.944;91;9.848;99;12.500;59;11.919;10;4.545;3;4.545;0;0.000;0;0.000;441;10.801
93;2;3.030;0;0.000;0;0.000;0;0.000;0;0.000;0;0.000;0;0.000;0;0.000;0;0.000;0;0.000;0;0.000;2;0.049
94;7;10.606;22;10.000;49;9.899;56;7.071;28;3.030;17;2.146;17;3.434;4;1.818;0;0.000;0;0.000;0;0.000;200;4.898
95;4;6.061;11;5.000;22;4.444;36;4.545;34;3.680;28;3.535;8;1.616;7;3.182;2;3.030;0;0.000;0;0.000;152;3.723
96;3;4.545;10;4.545;12;2.424;1;0.126;2;0.216;1;0.126;0;0.000;0;0.000;0;0.000;0;0.000;0;0.000;29;0.710
97;7;10.606;4;1.818;7;1.414;2;0.253;0;0.000;0;0.000;0;0.000;0;0.000;0;0.000;0;0.000;0;0.000;20;0.490
99;2;3.030;2;0.909;1;0.202;3;0.379;0;0.000;0;0.000;0;0.000;0;0.000;0;0.000;0;0.000;0;0.000;8;0.196
100;1;1.515;0;0.000;0;0.000;0;0.000;0;0.000;0;0.000;0;0.000;0;0.000;0;0.000;0;0.000;0;0.000;1;0.024
101;4;6.061;6;2.727;13;2.626;10;1.263;5;0.541;1;0.126;1;0.202;1;0.455;0;0.000;0;0.000;0;0.000;41;1.004
102;12;18.182;59;26.818;160;32.323;239;30.177;432;46.753;194;24.495;118;23.838;63;28.636;26;39.394;4;33.333;0;0.000;1307;32.011
103;6;9.091;20;9.091;32;6.465;25;3.157;32;3.463;3;0.379;57;11.515;2;0.909;0;0.000;1;8.333;0;0.000;178;4.360
104;10;15.152;31;14.091;67;13.535;122;15.404;58;6.277;59;7.449;20;4.040;13;5.909;6;9.091;0;0.000;0;0.000;386;9.454
105;12;18.182;37;16.818;44;8.889;58;7.323;97;10.498;26;3.283;8;1.616;0;0.000;1;1.515;0;0.000;0;0.000;283;6.931
106;6;9.091;17;7.727;23;4.646;14;1.768;64;6.926;14;1.768;3;0.606;0;0.000;0;0.000;0;0.000;0;0.000;141;3.453
107;3;4.545;8;3.636;14;2.828;23;2.904;13;1.407;10;1.263;4;0.808;1;0.455;0;0.000;0;0.000;0;0.000;76;1.861
108;1;1.515;1;0.455;3;0.606;2;0.253;0;0.000;0;0.000;0;0.000;0;0.000;0;0.000;0;0.000;0;0.000;7;0.171
109;2;3.030;5;2.273;7;1.414;1;0.126;0;0.000;0;0.000;0;0.000;0;0.000;0;0.000;0;0.000;0;0.000;15;0.367
110;0;0.000;0;0.000;0;0.000;2;0.253;0;0.000;0;0.000;0;0.000;0;0.000;0;0.000;0;0.000;0;0.000;2;0.049
111;27;40.909;59;26.818;120;24.242;228;28.788;320;34.632;281;35.480;127;25.657;49;22.273;18;27.273;3;25.000;0;0.000;1232;30.174
112;4;6.061;11;5.000;18;3.636;35;4.419;9;0.974;12;1.515;20;4.040;1;0.455;1;1.515;0;0.000;0;0.000;111;2.719
113;11;16.667;45;20.455;135;27.273;167;21.086;237;25.649;207;26.136;88;17.778;40;18.182;11;16.667;5;41.667;1;100.000;947;23.194
114;9;13.636;31;14.091;20;4.040;10;1.263;22;2.381;0;0.000;0;0.000;0;0.000;0;0.000;0;0.000;0;0.000;92;2.253
115;1;1.515;0;0.000;0;0.000;0;0.000;0;0.000;0;0.000;0;0.000;0;0.000;0;0.000;0;0.000;0;0.000;1;0.024
116;11;16.667;46;20.909;57;11.515;19;2.399;39;4.221;0;0.000;0;0.000;0;0.000;0;0.000;0;0.000;0;0.000;172;4.213
117;2;3.030;0;0.000;0;0.000;0;0.000;0;0.000;0;0.000;0;0.000;0;0.000;0;0.000;0;0.000;0;0.000;2;0.049
119;20;30.303;72;32.727;134;27.071;245;30.934;327;35.390;255;32.197;28;5.657;67;30.455;8;12.121;0;0.000;0;0.000;1156;28.313
120;20;30.303;78;35.455;182;36.768;330;41.667;306;33.117;379;47.854;266;53.737;75;34.091;31;46.970;5;41.667;0;0.000;1672;40.950
121;18;27.273;72;32.727;151;30.505;261;32.955;377;40.801;301;38.005;144;29.091;81;36.818;33;50.000;9;75.000;0;0.000;1447;35.440
124;30;45.455;123;55.909;230;46.465;381;48.106;548;59.307;538;67.929;283;57.172;166;75.455;42;63.636;10;83.333;1;100.000;2352;57.605
125;10;15.152;32;14.545;29;5.859;21;2.652;1;0.108;3;0.379;2;0.404;0;0.000;0;0.000;0;0.000;0;0.000;98;2.400
127;18;27.273;59;26.818;142;28.687;233;29.419;224;24.242;245;30.934;197;39.798;40;18.182;25;37.879;2;16.667;0;0.000;1185;29.023
128;11;16.667;20;9.091;36;7.273;56;7.071;30;3.247;34;4.293;6;1.212;1;0.455;0;0.000;0;0.000;0;0.000;194;4.751
129;10;15.152;27;12.273;39;7.879;29;3.662;1;0.108;5;0.631;0;0.000;0;0.000;0;0.000;0;0.000;0;0.000;111;2.719
131;11;16.667;57;25.909;125;25.253;178;22.475;97;10.498;207;26.136;73;14.747;30;13.636;0;0.000;1;8.333;1;100.000;780;19.104
132;11;16.667;31;14.091;67;13.535;82;10.354;40;4.329;18;2.273;39;7.879;3;1.364;1;1.515;0;0.000;0;0.000;292;7.152
134;9;13.636;20;9.091;34;6.869;30;3.788;85;9.199;4;0.505;1;0.202;1;0.455;0;0.000;0;0.000;0;0.000;184;4.506
135;34;51.515;127;57.727;302;61.010;504;63.636;669;72.403;525;66.288;430;86.869;187;85.000;59;89.394;11;91.667;1;100.000;2849;69.777
136;20;30.303;77;35.000;176;35.556;334;42.172;446;48.268;442;55.808;328;66.263;101;45.909;48;72.727;7;58.333;1;100.000;1980;48.494
137;1;1.515;0;0.000;1;0.202;0;0.000;0;0.000;0;0.000;0;0.000;0;0.000;0;0.000;0;0.000;0;0.000;2;0.049
138;13;19.697;25;11.364;61;12.323;116;14.646;143;15.476;83;10.480;54;10.909;6;2.727;5;7.576;0;0.000;0;0.000;506;12.393
139;2;3.030;4;1.818;4;0.808;1;0.126;2;0.216;1;0.126;0;0.000;0;0.000;0;0.000;0;0.000;0;0.000;14;0.343
140;25;37.879;69;31.364;134;27.071;264;33.333;261;28.247;239;30.177;132;26.667;63;28.636;29;43.939;1;8.333;0;0.000;1217;29.807
141;32;48.485;90;40.909;221;44.646;265;33.460;468;50.649;245;30.934;215;43.434;93;42.273;34;51.515;5;41.667;0;0.000;1668;40.852
142;22;33.333;88;40.000;204;41.212;356;44.949;446;48.268;366;46.212;274;55.354;120;54.545;26;39.394;6;50.000;1;100.000;1909;46.755
143;18;27.273;44;20.000;100;20.202;130;16.414;159;17.208;126;15.909;62;12.525;37;16.818;3;4.545;1;8.333;0;0.000;680;16.654
144;17;25.758;52;23.636;111;22.424;149;18.813;225;24.351;135;17.045;158;31.919;48;21.818;18;27.273;0;0.000;1;100.000;914;22.386
145;11;16.667;55;25.000;137;27.677;213;26.894;281;30.411;111;14.015;23;4.646;9;4.091;14;21.212;0;0.000;0;0.000;854;20.916
146;7;10.606;19;8.636;23;4.646;32;4.040;22;2.381;16;2.020;10;2.020;0;0.000;0;0.000;2;16.667;0;0.000;131;3.208
147;22;33.333;86;39.091;185;37.374;328;41.414;443;47.944;322;40.657;276;55.758;116;52.727;27;40.909;11;91.667;0;0.000;1816;44.477
148;14;21.212;42;19.091;80;16.162;111;14.015;110;11.905;127;16.035;115;23.232;11;5.000;3;4.545;5;41.667;0;0.000;618;15.136
149;1;1.515;8;3.636;18;3.636;13;1.641;1;0.108;0;0.000;0;0.000;0;0.000;0;0.000;0;0.000;0;0.000;41;1.004
151;3;4.545;3;1.364;4;0.808;3;0.379;10;1.082;5;0.631;0;0.000;0;0.000;0;0.000;0;0.000;0;0.000;28;0.686
152;12;18.182;46;20.909;94;18.990;180;22.727;167;18.074;155;19.571;157;31.717;39;17.727;13;19.697;0;0.000;0;0.000;863;21.136
153;4;6.061;14;6.364;2;0.404;1;0.126;55;5.952;1;0.126;0;0.000;0;0.000;0;0.000;0;0.000;0;0.000;77;1.886
154;26;39.394;77;35.000;199;40.202;381;48.106;502;54.329;420;53.030;245;49.495;147;66.818;40;60.606;10;83.333;1;100.000;2048;50.159
155;2;3.030;2;0.909;0;0.000;1;0.126;3;0.325;0;0.000;0;0.000;0;0.000;0;0.000;0;0.000;0;0.000;8;0.196
156;19;28.788;47;21.364;125;25.253;216;27.273;301;32.576;281;35.480;176;35.556;68;30.909;9;13.636;6;50.000;1;100.000;1249;30.590
158;7;10.606;14;6.364;25;5.051;24;3.030;62;6.710;9;1.136;0;0.000;1;0.455;0;0.000;0;0.000;0;0.000;142;3.478
159;22;33.333;97;44.091;242;48.889;415;52.399;427;46.212;435;54.924;290;58.586;130;59.091;44;66.667;5;41.667;0;0.000;2107;51.604
160;24;36.364;74;33.636;204;41.212;361;45.581;381;41.234;388;48.990;296;59.798;153;69.545;40;60.606;9;75.000;0;0.000;1930;47.269
161;2;3.030;2;0.909;5;1.010;0;0.000;0;0.000;0;0.000;0;0.000;0;0.000;0;0.000;0;0.000;0;0.000;9;0.220
162;13;19.697;54;24.545;129;26.061;204;25.758;190;20.563;172;21.717;146;29.495;5;2.273;22;33.333;0;0.000;0;0.000;935;22.900
163;2;3.030;8;3.636;3;0.606;18;2.273;5;0.541;3;0.379;4;0.808;1;0.455;0;0.000;0;0.000;0;0.000;44;1.078
164;0;0.000;0;0.000;1;0.202;0;0.000;3;0.325;1;0.126;0;0.000;0;0.000;0;0.000;0;0.000;0;0.000;5;0.122
165;13;19.697;60;27.273;152;30.707;254;32.071;320;34.632;255;32.197;145;29.293;80;36.364;23;34.848;1;8.333;0;0.000;1303;31.913
166;27;40.909;90;40.909;236;47.677;434;54.798;514;55.628;490;61.869;355;71.717;164;74.545;54;81.818;11;91.667;1;100.000;2376;58.193
167;14;21.212;61;27.727;160;32.323;215;27.146;162;17.532;141;17.803;104;21.010;31;14.091;3;4.545;0;0.000;0;0.000;891;21.822
168;4;6.061;9;4.091;16;3.232;12;1.515;1;0.108;0;0.000;0;0.000;0;0.000;0;0.000;0;0.000;0;0.000;42;1.029
170;7;10.606;16;7.273;16;3.232;15;1.894;32;3.463;7;0.884;0;0.000;0;0.000;0;0.000;0;0.000;0;0.000;93;2.278
171;1;1.515;2;0.909;0;0.000;0;0.000;0;0.000;0;0.000;0;0.000;0;0.000;0;0.000;0;0.000;0;0.000;3;0.073
172;16;24.242;54;24.545;90;18.182;113;14.268;190;20.563;58;7.323;54;10.909;12;5.455;6;9.091;0;0.000;0;0.000;593;14.524
173;23;34.848;97;44.091;260;52.525;454;57.323;534;57.792;493;62.247;354;71.515;154;70.000;56;84.848;10;83.333;1;100.000;2436;59.662
174;24;36.364;106;48.182;246;49.697;370;46.717;498;53.896;401;50.631;267;53.939;117;53.182;37;56.061;7;58.333;1;100.000;2074;50.796
175;3;4.545;0;0.000;3;0.606;5;0.631;0;0.000;0;0.000;0;0.000;0;0.000;0;0.000;0;0.000;0;0.000;11;0.269
176;6;9.091;16;7.273;25;5.051;23;2.904;34;3.680;20;2.525;7;1.414;1;0.455;1;1.515;0;0.000;0;0.000;133;3.257
177;16;24.242;62;28.182;129;26.061;219;27.652;148;16.017;157;19.823;150;30.303;31;14.091;17;25.758;0;0.000;0;0.000;929;22.753
179;4;6.061;11;5.000;13;2.626;14;1.768;12;1.299;6;0.758;14;2.828;0;0.000;0;0.000;0;0.000;0;0.000;74;1.812
180;14;21.212;38;17.273;70;14.141;119;15.025;90;9.740;93;11.742;58;11.717;16;7.273;1;1.515;0;0.000;0;0.000;499;12.221
181;3;4.545;4;1.818;10;2.020;11;1.389;1;0.108;1;0.126;0;0.000;0;0.000;0;0.000;0;0.000;0;0.000;30;0.735
182;1;1.515;0;0.000;0;0.000;0;0.000;0;0.000;0;0.000;0;0.000;0;0.000;0;0.000;0;0.000;0;0.000;1;0.024
184;15;22.727;44;20.000;92;18.586;187;23.611;229;24.784;186;23.485;112;22.626;102;46.364;14;21.212;1;8.333;0;0.000;982;24.051
185;13;19.697;46;20.909;121;24.444;197;24.874;210;22.727;198;25.000;225;45.455;8;3.636;18;27.273;0;0.000;0;0.000;1036;25.373
186;11;16.667;34;15.455;41;8.283;26;3.283;1;0.108;21;2.652;0;0.000;0;0.000;0;0.000;0;0.000;0;0.000;134;3.282
187;19;28.788;83;37.727;169;34.141;295;37.247;283;30.628;239;30.177;192;38.788;94;42.727;23;34.848;6;50.000;0;0.000;1403;34.362
188;20;30.303;68;30.909;191;38.586;259;32.702;207;22.403;228;28.788;183;36.970;50;22.727;6;9.091;6;50.000;0;0.000;1218;29.831
190;23;34.848;88;40.000;226;45.657;382;48.232;429;46.429;416;52.525;261;52.727;145;65.909;45;68.182;8;66.667;1;100.000;2024;49.571
191;6;9.091;9;4.091;22;4.444;18;2.273;16;1.732;46;5.808;0;0.000;4;1.818;0;0.000;0;0.000;0;0.000;121;2.964
192;13;19.697;46;20.909;107;21.616;188;23.737;120;12.987;153;19.318;120;24.242;18;8.182;12;18.182;0;0.000;0;0.000;777;19.030
194;2;3.030;1;0.455;0;0.000;0;0.000;2;0.216;2;0.253;0;0.000;0;0.000;0;0.000;0;0.000;0;0.000;7;0.171
195;22;33.333;87;39.545;201;40.606;323;40.783;384;41.558;418;52.778;276;55.758;111;50.455;46;69.697;4;33.333;0;0.000;1872;45.849
196;1;1.515;2;0.909;0;0.000;1;0.126;3;0.325;17;2.146;0;0.000;0;0.000;0;0.000;0;0.000;0;0.000;24;0.588
197;26;39.394;103;46.818;230;46.465;379;47.854;463;50.108;490;61.869;263;53.131;141;64.091;49;74.242;11;91.667;1;100.000;2156;52.804
198;9;13.636;23;10.455;36;7.273;43;5.429;28;3.030;19;2.399;1;0.202;5;2.273;0;0.000;0;0.000;0;0.000;164;4.017
201;25;37.879;80;36.364;153;30.909;223;28.157;433;46.861;272;34.343;137;27.677;72;32.727;31;46.970;2;16.667;0;0.000;1428;34.974
202;5;7.576;21;9.545;46;9.293;52;6.566;70;7.576;71;8.965;29;5.859;9;4.091;2;3.030;0;0.000;0;0.000;305;7.470
203;18;27.273;56;25.455;123;24.848;200;25.253;230;24.892;216;27.273;126;25.455;46;20.909;5;7.576;0;0.000;0;0.000;1020;24.982
205;25;37.879;83;37.727;235;47.475;393;49.621;540;58.442;531;67.045;324;65.455;163;74.091;51;77.273;10;83.333;1;100.000;2356;57.703
206;6;9.091;7;3.182;0;0.000;0;0.000;0;0.000;0;0.000;0;0.000;0;0.000;0;0.000;0;0.000;0;0.000;13;0.318
207;22;33.333;81;36.818;185;37.374;356;44.949;310;33.550;191;24.116;243;49.091;61;27.727;27;40.909;5;41.667;0;0.000;1481;36.272
208;1;1.515;0;0.000;0;0.000;1;0.126;0;0.000;0;0.000;0;0.000;0;0.000;0;0.000;0;0.000;0;0.000;2;0.049
209;1;1.515;0;0.000;1;0.202;1;0.126;0;0.000;0;0.000;0;0.000;0;0.000;0;0.000;0;0.000;0;0.000;3;0.073
211;1;1.515;5;2.273;0;0.000;0;0.000;0;0.000;0;0.000;0;0.000;0;0.000;0;0.000;0;0.000;0;0.000;6;0.147
212;7;10.606;13;5.909;24;4.848;13;1.641;0;0.000;0;0.000;0;0.000;0;0.000;0;0.000;0;0.000;0;0.000;57;1.396
213;9;13.636;27;12.273;64;12.929;97;12.247;93;10.065;103;13.005;48;9.697;36;16.364;4;6.061;0;0.000;0;0.000;481;11.781
214;6;9.091;16;7.273;15;3.030;10;1.263;21;2.273;8;1.010;5;1.010;0;0.000;0;0.000;0;0.000;0;0.000;81;1.984
215;15;22.727;49;22.273;123;24.848;220;27.778;296;32.035;262;33.081;99;20.000;87;39.545;12;18.182;0;0.000;0;0.000;1163;28.484
216;24;36.364;90;40.909;190;38.384;351;44.318;289;31.277;284;35.859;244;49.293;76;34.545;33;50.000;8;66.667;0;0.000;1589;38.917
217;31;46.970;111;50.455;288;58.182;528;66.667;566;61.255;534;67.424;377;76.162;173;78.636;62;93.939;10;83.333;1;100.000;2681;65.663
218;3;4.545;4;1.818;3;0.606;0;0.000;5;0.541;0;0.000;0;0.000;0;0.000;0;0.000;0;0.000;0;0.000;15;0.367
219;1;1.515;5;2.273;2;0.404;7;0.884;11;1.190;6;0.758;1;0.202;0;0.000;0;0.000;0;0.000;0;0.000;33;0.808
221;3;4.545;10;4.545;7;1.414;4;0.505;0;0.000;0;0.000;0;0.000;0;0.000;0;0.000;0;0.000;0;0.000;24;0.588
222;17;25.758;42;19.091;76;15.354;121;15.278;69;7.468;55;6.944;26;5.253;5;2.273;1;1.515;0;0.000;0;0.000;412;10.091
223;2;3.030;0;0.000;0;0.000;0;0.000;0;0.000;0;0.000;0;0.000;0;0.000;0;0.000;0;0.000;0;0.000;2;0.049
224;4;6.061;6;2.727;11;2.222;15;1.894;2;0.216;1;0.126;0;0.000;0;0.000;0;0.000;0;0.000;0;0.000;39;0.955
225;17;25.758;75;34.091;185;37.374;253;31.944;213;23.052;215;27.146;179;36.162;71;32.273;7;10.606;2;16.667;0;0.000;1217;29.807
226;26;39.394;99;45.000;238;48.081;409;51.641;504;54.545;503;63.510;275;55.556;151;68.636;29;43.939;10;83.333;1;100.000;2245;54.984
227;19;28.788;51;23.182;93;18.788;68;8.586;94;10.173;168;21.212;104;21.010;0;0.000;36;54.545;0;0.000;0;0.000;633;15.503
229;21;31.818;80;36.364;177;35.758;312;39.394;361;39.069;257;32.449;203;41.010;142;64.545;31;46.970;9;75.000;0;0.000;1593;39.015
231;6;9.091;15;6.818;24;4.848;11;1.389;28;3.030;0;0.000;1;0.202;0;0.000;0;0.000;0;0.000;0;0.000;85;2.082
232;37;56.061;120;54.545;329;66.465;560;70.707;664;71.861;665;83.965;368;74.343;202;91.818;62;93.939;12;100.000;1;100.000;3020;73.965
234;7;10.606;17;7.727;39;7.879;31;3.914;37;4.004;37;4.672;20;4.040;3;1.364;0;0.000;0;0.000;0;0.000;191;4.678
235;0;0.000;2;0.909;2;0.404;2;0.253;2;0.216;0;0.000;0;0.000;0;0.000;0;0.000;0;0.000;0;0.000;8;0.196
236;9;13.636;27;12.273;33;6.667;32;4.040;41;4.437;20;2.525;4;0.808;2;0.909;0;0.000;0;0.000;0;0.000;168;4.115
237;26;39.394;107;48.636;260;52.525;452;57.071;576;62.338;554;69.949;401;81.010;172;78.182;51;77.273;11;91.667;1;100.000;2611;63.948
238;2;3.030;6;2.727;4;0.808;3;0.379;0;0.000;0;0.000;0;0.000;0;0.000;0;0.000;0;0.000;0;0.000;15;0.367
239;23;34.848;90;40.909;205;41.414;328;41.414;546;59.091;349;44.066;141;28.485;121;55.000;26;39.394;9;75.000;0;0.000;1838;45.016
240;17;25.758;71;32.273;182;36.768;341;43.056;423;45.779;356;44.949;169;34.141;119;54.091;26;39.394;6;50.000;1;100.000;1711;41.905
241;11;16.667;55;25.000;116;23.434;176;22.222;156;16.883;77;9.722;32;6.465;8;3.636;1;1.515;0;0.000;0;0.000;632;15.479
242;10;15.152;29;13.182;34;6.869;23;2.904;17;1.840;12;1.515;4;0.808;0;0.000;0;0.000;0;0.000;0;0.000;129;3.159
243;14;21.212;69;31.364;172;34.747;255;32.197;224;24.242;193;24.369;119;24.040;43;19.545;15;22.727;1;8.333;0;0.000;1105;27.063
244;14;21.212;28;12.727;106;21.414;121;15.278;35;3.788;29;3.662;65;13.131;9;4.091;7;10.606;0;0.000;0;0.000;414;10.140
245;5;7.576;12;5.455;11;2.222;4;0.505;1;0.108;0;0.000;1;0.202;0;0.000;0;0.000;0;0.000;0;0.000;34;0.833
246;4;6.061;4;1.818;1;0.202;0;0.000;0;0.000;0;0.000;0;0.000;0;0.000;0;0.000;0;0.000;0;0.000;9;0.220
247;3;4.545;11;5.000;12;2.424;0;0.000;8;0.866;5;0.631;0;0.000;0;0.000;0;0.000;0;0.000;0;0.000;39;0.955
248;26;39.394;76;34.545;162;32.727;278;35.101;402;43.506;398;50.253;144;29.091;99;45.000;14;21.212;3;25.000;1;100.000;1603;39.260
250;3;4.545;6;2.727;3;0.606;0;0.000;2;0.216;0;0.000;0;0.000;0;0.000;0;0.000;0;0.000;0;0.000;14;0.343
251;1;1.515;0;0.000;0;0.000;0;0.000;0;0.000;0;0.000;0;0.000;0;0.000;0;0.000;0;0.000;0;0.000;1;0.024
252;1;1.515;1;0.455;1;0.202;0;0.000;1;0.108;0;0.000;0;0.000;0;0.000;0;0.000;0;0.000;0;0.000;4;0.098
253;17;25.758;43;19.545;96;19.394;172;21.717;194;20.996;145;18.308;51;10.303;23;10.455;3;4.545;5;41.667;0;0.000;749;18.344
254;1;1.515;1;0.455;1;0.202;0;0.000;0;0.000;0;0.000;0;0.000;0;0.000;0;0.000;0;0.000;0;0.000;3;0.073
255;21;31.818;82;37.273;200;40.404;331;41.793;436;47.186;386;48.737;145;29.293;130;59.091;31;46.970;9;75.000;0;0.000;1771;43.375
257;17;25.758;29;13.182;74;14.949;115;14.520;58;6.277;23;2.904;2;0.404;9;4.091;6;9.091;0;0.000;0;0.000;333;8.156
258;2;3.030;6;2.727;5;1.010;2;0.253;2;0.216;0;0.000;0;0.000;0;0.000;0;0.000;0;0.000;0;0.000;17;0.416
259;1;1.515;6;2.727;4;0.808;0;0.000;0;0.000;0;0.000;0;0.000;0;0.000;0;0.000;0;0.000;0;0.000;11;0.269
261;24;36.364;64;29.091;176;35.556;301;38.005;289;31.277;277;34.975;219;44.242;83;37.727;22;33.333;3;25.000;0;0.000;1458;35.709
263;0;0.000;0;0.000;5;1.010;0;0.000;0;0.000;0;0.000;0;0.000;0;0.000;0;0.000;0;0.000;0;0.000;5;0.122
264;11;16.667;55;25.000;153;30.909;165;20.833;126;13.636;91;11.490;44;8.889;3;1.364;1;1.515;0;0.000;0;0.000;649;15.895
266;2;3.030;2;0.909;0;0.000;5;0.631;1;0.108;1;0.126;2;0.404;1;0.455;0;0.000;0;0.000;0;0.000;14;0.343
267;8;12.121;6;2.727;21;4.242;22;2.778;26;2.814;19;2.399;14;2.828;2;0.909;1;1.515;0;0.000;0;0.000;119;2.915
268;13;19.697;27;12.273;49;9.899;25;3.157;91;9.848;71;8.965;33;6.667;2;0.909;1;1.515;0;0.000;0;0.000;312;7.641
269;6;9.091;11;5.000;10;2.020;19;2.399;0;0.000;3;0.379;0;0.000;0;0.000;0;0.000;0;0.000;0;0.000;49;1.200
270;24;36.364;77;35.000;225;45.455;394;49.747;460;49.784;455;57.449;330;66.667;115;52.273;50;75.758;10;83.333;1;100.000;2141;52.437
271;13;19.697;63;28.636;158;31.919;252;31.818;288;31.169;221;27.904;177;35.758;86;39.091;34;51.515;3;25.000;1;100.000;1296;31.741
272;12;18.182;23;10.455;44;8.889;84;10.606;13;1.407;9;1.136;6;1.212;3;1.364;0;0.000;0;0.000;0;0.000;194;4.751
273;2;3.030;7;3.182;4;0.808;3;0.379;4;0.433;1;0.126;0;0.000;0;0.000;0;0.000;0;0.000;0;0.000;21;0.514
274;12;18.182;32;14.545;90;18.182;159;20.076;74;8.009;76;9.596;42;8.485;4;1.818;22;33.333;2;16.667;0;0.000;513;12.564
275;11;16.667;23;10.455;50;10.101;76;9.596;12;1.299;22;2.778;8;1.616;1;0.455;0;0.000;0;0.000;0;0.000;203;4.972
276;9;13.636;26;11.818;40;8.081;79;9.975;35;3.788;31;3.914;8;1.616;1;0.455;1;1.515;0;0.000;0;0.000;230;5.633
277;7;10.606;12;5.455;38;7.677;48;6.061;21;2.273;34;4.293;12;2.424;7;3.182;2;3.030;0;0.000;0;0.000;181;4.433
278;8;12.121;35;15.909;80;16.162;142;17.929;141;15.260;136;17.172;45;9.091;56;25.455;3;4.545;0;0.000;0;0.000;646;15.822
279;3;4.545;0;0.000;0;0.000;0;0.000;0;0.000;0;0.000;0;0.000;0;0.000;0;0.000;0;0.000;0;0.000;3;0.073
280;6;9.091;18;8.182;48;9.697;73;9.217;65;7.035;61;7.702;12;2.424;8;3.636;3;4.545;0;0.000;0;0.000;294;7.201
281;1;1.515;0;0.000;0;0.000;0;0.000;0;0.000;0;0.000;0;0.000;0;0.000;0;0.000;0;0.000;0;0.000;1;0.024
282;3;4.545;3;1.364;1;0.202;0;0.000;0;0.000;0;0.000;0;0.000;0;0.000;0;0.000;0;0.000;0;0.000;7;0.171
283;11;16.667;51;23.182;145;29.293;150;18.939;134;14.502;65;8.207;57;11.515;0;0.000;1;1.515;0;0.000;0;0.000;614;15.038
284;22;33.333;98;44.545;234;47.273;336;42.424;402;43.506;383;48.359;230;46.465;114;51.818;23;34.848;4;33.333;1;100.000;1847;45.236
285;13;19.697;30;13.636;57;11.515;81;10.227;183;19.805;26;3.283;10;2.020;7;3.182;0;0.000;0;0.000;0;0.000;407;9.968
287;1;1.515;0;0.000;0;0.000;0;0.000;0;0.000;0;0.000;0;0.000;0;0.000;0;0.000;0;0.000;0;0.000;1;0.024
288;11;16.667;44;20.000;89;17.980;185;23.359;123;13.312;112;14.141;53;10.707;0;0.000;4;6.061;0;0.000;0;0.000;621;15.209
289;11;16.667;32;14.545;80;16.162;119;15.025;193;20.887;130;16.414;12;2.424;45;20.455;12;18.182;0;0.000;0;0.000;634;15.528
290;11;16.667;35;15.909;54;10.909;50;6.313;28;3.030;29;3.662;4;0.808;1;0.455;0;0.000;0;0.000;0;0.000;212;5.192
291;14;21.212;42;19.091;93;18.788;204;25.758;220;23.810;166;20.960;85;17.172;51;23.182;21;31.818;6;50.000;0;0.000;902;22.092
292;19;28.788;71;32.273;177;35.758;322;40.657;280;30.303;302;38.131;237;47.879;82;37.273;21;31.818;6;50.000;1;100.000;1518;37.179
293;12;18.182;59;26.818;154;31.111;270;34.091;208;22.511;154;19.444;166;33.535;22;10.000;15;22.727;0;0.000;0;0.000;1060;25.961
294;6;9.091;19;8.636;48;9.697;61;7.702;27;2.922;45;5.682;27;5.455;9;4.091;0;0.000;1;8.333;0;0.000;243;5.952
295;2;3.030;5;2.273;0;0.000;0;0.000;0;0.000;0;0.000;0;0.000;0;0.000;0;0.000;0;0.000;0;0.000;7;0.171
296;20;30.303;90;40.909;205;41.414;395;49.874;427;46.212;398;50.253;235;47.475;90;40.909;36;54.545;3;25.000;0;0.000;1899;46.510
297;21;31.818;104;47.273;246;49.697;443;55.934;549;59.416;528;66.667;417;84.242;178;80.909;57;86.364;10;83.333;1;100.000;2554;62.552
298;1;1.515;0;0.000;0;0.000;0;0.000;0;0.000;0;0.000;0;0.000;0;0.000;0;0.000;0;0.000;0;0.000;1;0.024
299;36;54.545;122;55.455;275;55.556;512;64.646;659;71.320;586;73.990;385;77.778;194;88.182;61;92.424;11;91.667;1;100.000;2842;69.606
300;3;4.545;2;0.909;5;1.010;2;0.253;0;0.000;0;0.000;0;0.000;0;0.000;0;0.000;0;0.000;0;0.000;12;0.294
301;15;22.727;33;15.000;85;17.172;100;12.626;120;12.987;91;11.490;34;6.869;6;2.727;10;15.152;0;0.000;0;0.000;494;12.099
302;22;33.333;80;36.364;200;40.404;369;46.591;477;51.623;411;51.894;265;53.535;145;65.909;51;77.273;10;83.333;1;100.000;2031;49.743
303;6;9.091;16;7.273;10;2.020;9;1.136;2;0.216;0;0.000;0;0.000;0;0.000;0;0.000;0;0.000;0;0.000;43;1.053
304;3;4.545;4;1.818;4;0.808;0;0.000;0;0.000;0;0.000;0;0.000;0;0.000;0;0.000;0;0.000;0;0.000;11;0.269
305;31;46.970;106;48.182;270;54.545;508;64.141;572;61.905;531;67.045;328;66.263;147;66.818;42;63.636;8;66.667;1;100.000;2544;62.307
306;29;43.939;114;51.818;303;61.212;489;61.742;604;65.368;596;75.253;383;77.374;192;87.273;52;78.788;11;91.667;1;100.000;2774;67.940
308;13;19.697;60;27.273;114;23.030;159;20.076;328;35.498;194;24.495;21;4.242;45;20.455;7;10.606;0;0.000;0;0.000;941;23.047
309;17;25.758;49;22.273;140;28.283;230;29.040;257;27.814;210;26.515;91;18.384;35;15.909;4;6.061;5;41.667;1;100.000;1039;25.447
310;11;16.667;55;25.000;126;25.455;148;18.687;129;13.961;140;17.677;16;3.232;4;1.818;0;0.000;0;0.000;0;0.000;629;15.405
311;26;39.394;83;37.727;191;38.586;275;34.722;515;55.736;455;57.449;190;38.384;115;52.273;41;62.121;8;66.667;1;100.000;1900;46.534
312;30;45.455;118;53.636;310;62.626;531;67.045;686;74.242;648;81.818;397;80.202;201;91.364;63;95.455;12;100.000;1;100.000;2997;73.402
313;2;3.030;7;3.182;4;0.808;0;0.000;2;0.216;0;0.000;0;0.000;0;0.000;0;0.000;0;0.000;0;0.000;15;0.367
314;6;9.091;17;7.727;38;7.677;52;6.566;79;8.550;65;8.207;0;0.000;25;11.364;1;1.515;0;0.000;0;0.000;283;6.931
315;9;13.636;23;10.455;39;7.879;103;13.005;107;11.580;88;11.111;21;4.242;7;3.182;5;7.576;0;0.000;0;0.000;402;9.846
316;5;7.576;9;4.091;10;2.020;4;0.505;3;0.325;3;0.379;0;0.000;0;0.000;0;0.000;0;0.000;0;0.000;34;0.833
317;10;15.152;28;12.727;65;13.131;111;14.015;168;18.182;134;16.919;113;22.828;37;16.818;12;18.182;1;8.333;0;0.000;679;16.630
318;12;18.182;22;10.000;38;7.677;7;0.884;0;0.000;1;0.126;6;1.212;0;0.000;0;0.000;0;0.000;0;0.000;86;2.106
319;16;24.242;19;8.636;59;11.919;107;13.510;36;3.896;19;2.399;13;2.626;2;0.909;4;6.061;0;0.000;0;0.000;275;6.735
320;2;3.030;2;0.909;1;0.202;0;0.000;0;0.000;0;0.000;0;0.000;0;0.000;0;0.000;0;0.000;0;0.000;5;0.122
321;10;15.152;28;12.727;60;12.121;113;14.268;73;7.900;83;10.480;41;8.283;7;3.182;1;1.515;0;0.000;0;0.000;416;10.189
322;22;33.333;79;35.909;141;28.485;195;24.621;227;24.567;168;21.212;154;31.111;55;25.000;4;6.061;0;0.000;0;0.000;1045;25.594
323;11;16.667;26;11.818;35;7.071;6;0.758;72;7.792;3;0.379;1;0.202;0;0.000;0;0.000;0;0.000;0;0.000;154;3.772
324;3;4.545;2;0.909;0;0.000;0;0.000;0;0.000;0;0.000;0;0.000;0;0.000;0;0.000;0;0.000;0;0.000;5;0.122
328;23;34.848;72;32.727;151;30.505;239;30.177;300;32.468;275;34.722;255;51.515;70;31.818;19;28.788;5;41.667;1;100.000;1410;34.533
329;5;7.576;11;5.000;19;3.838;19;2.399;7;0.758;0;0.000;0;0.000;0;0.000;0;0.000;0;0.000;0;0.000;61;1.494
330;21;31.818;90;40.909;199;40.202;417;52.652;438;47.403;416;52.525;297;60.000;168;76.364;32;48.485;10;83.333;1;100.000;2089;51.163
332;22;33.333;91;41.364;210;42.424;398;50.253;463;50.108;383;48.359;268;54.141;113;51.364;35;53.030;8;66.667;1;100.000;1992;48.788
333;13;19.697;60;27.273;166;33.535;303;38.258;266;28.788;252;31.818;215;43.434;61;27.727;19;28.788;0;0.000;1;100.000;1356;33.211
334;5;7.576;10;4.545;21;4.242;25;3.157;11;1.190;5;0.631;7;1.414;2;0.909;0;0.000;0;0.000;0;0.000;86;2.106
336;26;39.394;93;42.273;226;45.657;436;55.051;518;56.061;525;66.288;308;62.222;178;80.909;44;66.667;12;100.000;1;100.000;2367;57.972
337;21;31.818;80;36.364;186;37.576;289;36.490;332;35.931;332;41.919;248;50.101;122;55.455;27;40.909;10;83.333;1;100.000;1648;40.362
338;0;0.000;1;0.455;3;0.606;1;0.126;0;0.000;0;0.000;1;0.202;0;0.000;0;0.000;0;0.000;0;0.000;6;0.147
340;29;43.939;112;50.909;274;55.354;496;62.626;614;66.450;595;75.126;386;77.980;210;95.455;51;77.273;11;91.667;1;100.000;2779;68.063
341;8;12.121;29;13.182;65;13.131;75;9.470;35;3.788;10;1.263;31;6.263;0;0.000;0;0.000;0;0.000;0;0.000;253;6.196
343;17;25.758;66;30.000;146;29.495;215;27.146;282;30.519;206;26.010;115;23.232;47;21.364;20;30.303;2;16.667;0;0.000;1116;27.333
344;8;12.121;8;3.636;13;2.626;11;1.389;6;0.649;3;0.379;0;0.000;0;0.000;0;0.000;0;0.000;0;0.000;49;1.200
346;3;4.545;10;4.545;22;4.444;35;4.419;33;3.571;15;1.894;3;0.606;3;1.364;2;3.030;0;0.000;0;0.000;126;3.086
347;4;6.061;19;8.636;24;4.848;41;5.177;4;0.433;10;1.263;1;0.202;0;0.000;0;0.000;0;0.000;0;0.000;103;2.523
348;15;22.727;46;20.909;110;22.222;107;13.510;79;8.550;84;10.606;75;15.152;4;1.818;3;4.545;0;0.000;0;0.000;523;12.809
349;5;7.576;10;4.545;10;2.020;23;2.904;11;1.190;4;0.505;0;0.000;0;0.000;0;0.000;0;0.000;0;0.000;63;1.543
350;23;34.848;88;40.000;225;45.455;430;54.293;426;46.104;370;46.717;236;47.677;102;46.364;48;72.727;10;83.333;0;0.000;1958;47.955
351;20;30.303;80;36.364;194;39.192;317;40.025;258;27.922;292;36.869;186;37.576;67;30.455;28;42.424;1;8.333;0;0.000;1443;35.342
352;5;7.576;15;6.818;22;4.444;31;3.914;54;5.844;25;3.157;1;0.202;1;0.455;0;0.000;0;0.000;0;0.000;154;3.772
354;1;1.515;0;0.000;0;0.000;0;0.000;0;0.000;0;0.000;0;0.000;0;0.000;0;0.000;0;0.000;0;0.000;1;0.024
357;27;40.909;105;47.727;280;56.566;521;65.783;694;75.108;626;79.040;395;79.798;199;90.455;60;90.909;10;83.333;1;100.000;2918;71.467
358;4;6.061;11;5.000;13;2.626;16;2.020;1;0.108;0;0.000;0;0.000;0;0.000;0;0.000;0;0.000;0;0.000;45;1.102
359;16;24.242;61;27.727;151;30.505;216;27.273;231;25.000;283;35.732;228;46.061;43;19.545;14;21.212;3;25.000;0;0.000;1246;30.517
360;12;18.182;56;25.455;165;33.333;318;40.152;333;36.039;319;40.278;263;53.131;29;13.182;30;45.455;1;8.333;0;0.000;1526;37.374
361;1;1.515;0;0.000;1;0.202;0;0.000;0;0.000;0;0.000;0;0.000;0;0.000;0;0.000;0;0.000;0;0.000;2;0.049
363;26;39.394;112;50.909;299;60.404;497;62.753;602;65.152;599;75.631;343;69.293;187;85.000;50;75.758;9;75.000;1;100.000;2725;66.740
365;1;1.515;2;0.909;0;0.000;0;0.000;0;0.000;0;0.000;0;0.000;0;0.000;0;0.000;0;0.000;0;0.000;3;0.073
366;26;39.394;110;50.000;267;53.939;442;55.808;540;58.442;507;64.015;387;78.182;167;75.909;53;80.303;11;91.667;1;100.000;2511;61.499
367;22;33.333;101;45.909;276;55.758;475;59.975;508;54.978;482;60.859;319;64.444;128;58.182;49;74.242;10;83.333;1;100.000;2371;58.070
368;14;21.212;53;24.091;102;20.606;168;21.212;315;34.091;229;28.914;56;11.313;55;25.000;4;6.061;3;25.000;0;0.000;999;24.467
369;14;21.212;58;26.364;153;30.909;278;35.101;371;40.152;254;32.071;25;5.051;64;29.091;13;19.697;1;8.333;0;0.000;1231;30.149
370;2;3.030;1;0.455;4;0.808;2;0.253;0;0.000;0;0.000;0;0.000;0;0.000;0;0.000;0;0.000;0;0.000;9;0.220
371;3;4.545;6;2.727;15;3.030;3;0.379;2;0.216;1;0.126;0;0.000;0;0.000;0;0.000;0;0.000;0;0.000;30;0.735
372;3;4.545;6;2.727;21;4.242;7;0.884;2;0.216;0;0.000;3;0.606;0;0.000;0;0.000;0;0.000;0;0.000;42;1.029
373;1;1.515;7;3.182;0;0.000;3;0.379;0;0.000;0;0.000;0;0.000;0;0.000;0;0.000;0;0.000;0;0.000;11;0.269
374;7;10.606;28;12.727;27;5.455;15;1.894;11;1.190;6;0.758;1;0.202;0;0.000;0;0.000;0;0.000;0;0.000;95;2.327
375;8;12.121;32;14.545;24;4.848;5;0.631;25;2.706;6;0.758;0;0.000;0;0.000;0;0.000;0;0.000;0;0.000;100;2.449
376;14;21.212;58;26.364;131;26.465;118;14.899;138;14.935;91;11.490;77;15.556;15;6.818;0;0.000;0;0.000;0;0.000;642;15.724
377;3;4.545;5;2.273;7;1.414;8;1.010;4;0.433;2;0.253;0;0.000;0;0.000;0;0.000;0;0.000;0;0.000;29;0.710
378;11;16.667;20;9.091;46;9.293;53;6.692;15;1.623;3;0.379;0;0.000;0;0.000;0;0.000;0;0.000;0;0.000;148;3.625
379;21;31.818;66;30.000;186;37.576;241;30.429;325;35.173;275;34.722;163;32.929;46;20.909;4;6.061;3;25.000;0;0.000;1330;32.574
380;35;53.030;111;50.455;233;47.071;425;53.662;504;54.545;456;57.576;320;64.646;162;73.636;46;69.697;10;83.333;1;100.000;2303;56.405
381;13;19.697;63;28.636;167;33.737;256;32.323;367;39.719;248;31.313;54;10.909;49;22.273;6;9.091;1;8.333;0;0.000;1224;29.978
382;1;1.515;0;0.000;0;0.000;0;0.000;0;0.000;1;0.126;0;0.000;0;0.000;0;0.000;0;0.000;0;0.000;2;0.049
383;11;16.667;35;15.909;64;12.929;87;10.985;47;5.087;37;4.672;24;4.848;5;2.273;0;0.000;0;0.000;0;0.000;310;7.592
384;24;36.364;69;31.364;188;37.980;313;39.520;417;45.130;387;48.864;239;48.283;115;52.273;23;34.848;8;66.667;1;100.000;1784;43.693
385;12;18.182;44;20.000;69;13.939;100;12.626;221;23.918;119;15.025;19;3.838;23;10.455;1;1.515;0;0.000;0;0.000;608;14.891
386;9;13.636;20;9.091;38;7.677;29;3.662;15;1.623;11;1.389;12;2.424;0;0.000;0;0.000;0;0.000;0;0.000;134;3.282
388;4;6.061;12;5.455;10;2.020;27;3.409;25;2.706;9;1.136;0;0.000;0;0.000;0;0.000;0;0.000;0;0.000;87;2.131
390;11;16.667;35;15.909;40;8.081;69;8.712;86;9.307;23;2.904;0;0.000;0;0.000;0;0.000;0;0.000;0;0.000;264;6.466
391;10;15.152;33;15.000;61;12.323;70;8.838;86;9.307;46;5.808;51;10.303;3;1.364;14;21.212;0;0.000;0;0.000;374;9.160
392;0;0.000;0;0.000;3;0.606;0;0.000;0;0.000;0;0.000;0;0.000;0;0.000;0;0.000;0;0.000;0;0.000;3;0.073
393;20;30.303;69;31.364;149;30.101;285;35.985;266;28.788;154;19.444;232;46.869;85;38.636;14;21.212;7;58.333;1;100.000;1282;31.398
394;39;59.091;161;73.182;382;77.172;680;85.859;814;88.095;744;93.939;463;93.535;216;98.182;65;98.485;12;100.000;1;100.000;3577;87.607
395;14;21.212;54;24.545;122;24.646;178;22.475;177;19.156;239;30.177;147;29.697;38;17.273;10;15.152;0;0.000;0;0.000;979;23.977
396;4;6.061;9;4.091;11;2.222;3;0.379;22;2.381;0;0.000;7;1.414;0;0.000;0;0.000;0;0.000;0;0.000;56;1.372
398;1;1.515;0;0.000;1;0.202;3;0.379;0;0.000;0;0.000;0;0.000;0;0.000;0;0.000;0;0.000;0;0.000;5;0.122
399;8;12.121;13;5.909;13;2.626;0;0.000;2;0.216;0;0.000;0;0.000;0;0.000;0;0.000;0;0.000;0;0.000;36;0.882
400;1;1.515;0;0.000;0;0.000;0;0.000;0;0.000;0;0.000;0;0.000;0;0.000;0;0.000;0;0.000;0;0.000;1;0.024
401;7;10.606;14;6.364;20;4.040;20;2.525;70;7.576;2;0.253;0;0.000;0;0.000;0;0.000;0;0.000;0;0.000;133;3.257
402;14;21.212;45;20.455;78;15.758;129;16.288;79;8.550;68;8.586;71;14.343;19;8.636;3;4.545;0;0.000;0;0.000;506;12.393
403;3;4.545;0;0.000;1;0.202;0;0.000;0;0.000;0;0.000;0;0.000;0;0.000;0;0.000;0;0.000;0;0.000;4;0.098
404;11;16.667;35;15.909;68;13.737;58;7.323;12;1.299;3;0.379;1;0.202;0;0.000;0;0.000;0;0.000;0;0.000;188;4.604
405;24;36.364;87;39.545;232;46.869;371;46.843;414;44.805;362;45.707;273;55.152;81;36.818;18;27.273;8;66.667;1;100.000;1871;45.824
406;7;10.606;17;7.727;34;6.869;50;6.313;52;5.628;72;9.091;39;7.879;12;5.455;5;7.576;0;0.000;0;0.000;288;7.054
407;27;40.909;67;30.455;184;37.172;325;41.035;278;30.087;373;47.096;239;48.283;123;55.909;29;43.939;10;83.333;1;100.000;1656;40.558
408;18;27.273;49;22.273;119;24.040;230;29.040;292;31.602;196;24.747;145;29.293;45;20.455;19;28.788;3;25.000;0;0.000;1116;27.333
409;2;3.030;4;1.818;4;0.808;5;0.631;0;0.000;4;0.505;2;0.404;0;0.000;0;0.000;0;0.000;0;0.000;21;0.514
410;13;19.697;55;25.000;133;26.869;191;24.116;311;33.658;182;22.980;45;9.091;40;18.182;4;6.061;2;16.667;0;0.000;976;23.904
411;6;9.091;17;7.727;24;4.848;47;5.934;37;4.004;28;3.535;4;0.808;3;1.364;1;1.515;0;0.000;0;0.000;167;4.090
412;16;24.242;49;22.273;133;26.869;248;31.313;273;29.545;268;33.838;119;24.040;42;19.091;26;39.394;2;16.667;0;0.000;1176;28.802
413;16;24.242;49;22.273;88;17.778;52;6.566;108;11.688;42;5.303;29;5.859;0;0.000;16;24.242;0;0.000;0;0.000;400;9.797
414;7;10.606;12;5.455;12;2.424;4;0.505;0;0.000;0;0.000;0;0.000;0;0.000;0;0.000;0;0.000;0;0.000;35;0.857
415;2;3.030;10;4.545;3;0.606;0;0.000;3;0.325;1;0.126;0;0.000;0;0.000;0;0.000;0;0.000;0;0.000;19;0.465
416;3;4.545;8;3.636;7;1.414;8;1.010;8;0.866;1;0.126;0;0.000;0;0.000;0;0.000;0;0.000;0;0.000;35;0.857
417;24;36.364;80;36.364;230;46.465;369;46.591;480;51.948;482;60.859;292;58.990;158;71.818;32;48.485;11;91.667;1;100.000;2159;52.878
418;3;4.545;9;4.091;10;2.020;2;0.253;2;0.216;2;0.253;0;0.000;0;0.000;0;0.000;0;0.000;0;0.000;28;0.686
419;9;13.636;35;15.909;71;14.343;68;8.586;37;4.004;17;2.146;10;2.020;0;0.000;0;0.000;0;0.000;0;0.000;247;6.049
420;1;1.515;3;1.364;2;0.404;1;0.126;0;0.000;1;0.126;0;0.000;0;0.000;0;0.000;0;0.000;0;0.000;8;0.196
421;4;6.061;4;1.818;11;2.222;5;0.631;5;0.541;0;0.000;1;0.202;0;0.000;0;0.000;0;0.000;0;0.000;30;0.735
422;21;31.818;80;36.364;161;32.525;286;36.111;315;34.091;287;36.237;221;44.646;106;48.182;23;34.848;2;16.667;0;0.000;1502;36.787
423;2;3.030;12;5.455;18;3.636;22;2.778;8;0.866;9;1.136;6;1.212;0;0.000;0;0.000;0;0.000;0;0.000;77;1.886
424;2;3.030;1;0.455;2;0.404;5;0.631;0;0.000;0;0.000;0;0.000;0;0.000;0;0.000;0;0.000;0;0.000;10;0.245
425;2;3.030;5;2.273;2;0.404;2;0.253;5;0.541;0;0.000;0;0.000;0;0.000;0;0.000;0;0.000;0;0.000;16;0.392
427;13;19.697;54;24.545;60;12.121;67;8.460;182;19.697;45;5.682;0;0.000;10;4.545;0;0.000;0;0.000;0;0.000;431;10.556
428;22;33.333;79;35.909;170;34.343;279;35.227;300;32.468;328;41.414;142;28.687;98;44.545;25;37.879;8;66.667;0;0.000;1451;35.538
429;6;9.091;19;8.636;31;6.263;45;5.682;43;4.654;53;6.692;17;3.434;9;4.091;2;3.030;0;0.000;0;0.000;225;5.511
431;3;4.545;3;1.364;3;0.606;0;0.000;0;0.000;0;0.000;0;0.000;0;0.000;0;0.000;0;0.000;0;0.000;9;0.220
432;13;19.697;29;13.182;83;16.768;102;12.879;87;9.416;84;10.606;32;6.465;12;5.455;1;1.515;3;25.000;0;0.000;446;10.923
433;12;18.182;55;25.000;115;23.232;200;25.253;327;35.390;255;32.197;44;8.889;55;25.000;11;16.667;4;33.333;0;0.000;1078;26.402
434;29;43.939;103;46.818;260;52.525;476;60.101;554;59.957;517;65.278;364;73.535;163;74.091;55;83.333;11;91.667;1;100.000;2533;62.038
436;11;16.667;53;24.091;69;13.939;61;7.702;265;28.680;45;5.682;1;0.202;1;0.455;0;0.000;0;0.000;0;0.000;506;12.393
437;6;9.091;6;2.727;18;3.636;26;3.283;14;1.515;12;1.515;2;0.404;0;0.000;0;0.000;0;0.000;0;0.000;84;2.057
438;2;3.030;0;0.000;0;0.000;0;0.000;0;0.000;0;0.000;0;0.000;0;0.000;0;0.000;0;0.000;0;0.000;2;0.049
441;12;18.182;50;22.727;82;16.566;94;11.869;139;15.043;55;6.944;20;4.040;6;2.727;0;0.000;0;0.000;0;0.000;458;11.217
442;11;16.667;43;19.545;68;13.737;92;11.616;62;6.710;49;6.187;12;2.424;1;0.455;0;0.000;1;8.333;0;0.000;339;8.303
444;25;37.879;84;38.182;219;44.242;375;47.348;474;51.299;495;62.500;249;50.303;165;75.000;23;34.848;10;83.333;1;100.000;2120;51.923
447;12;18.182;55;25.000;162;32.727;299;37.753;276;29.870;189;23.864;215;43.434;36;16.364;19;28.788;0;0.000;0;0.000;1263;30.933
448;12;18.182;36;16.364;77;15.556;153;19.318;190;20.563;111;14.015;70;14.141;46;20.909;14;21.212;0;0.000;0;0.000;709;17.365
449;1;1.515;0;0.000;0;0.000;0;0.000;0;0.000;0;0.000;0;0.000;0;0.000;0;0.000;0;0.000;0;0.000;1;0.024
450;4;6.061;5;2.273;6;1.212;7;0.884;1;0.108;0;0.000;0;0.000;0;0.000;0;0.000;0;0.000;0;0.000;23;0.563
451;14;21.212;54;24.545;116;23.434;181;22.854;156;16.883;142;17.929;103;20.808;29;13.182;3;4.545;2;16.667;0;0.000;800;19.593
452;27;40.909;116;52.727;297;60.000;556;70.202;670;72.511;635;80.177;432;87.273;174;79.091;63;95.455;12;100.000;1;100.000;2983;73.059
453;16;24.242;45;20.455;104;21.010;167;21.086;108;11.688;162;20.455;72;14.545;41;18.636;0;0.000;4;33.333;0;0.000;719;17.610
454;10;15.152;30;13.636;41;8.283;59;7.449;91;9.848;42;5.303;8;1.616;10;4.545;0;0.000;0;0.000;0;0.000;291;7.127
455;3;4.545;8;3.636;1;0.202;0;0.000;1;0.108;0;0.000;0;0.000;0;0.000;0;0.000;0;0.000;0;0.000;13;0.318
456;14;21.212;57;25.909;149;30.101;293;36.995;415;44.913;347;43.813;109;22.020;102;46.364;24;36.364;3;25.000;0;0.000;1513;37.056
457;12;18.182;47;21.364;84;16.970;139;17.551;51;5.519;47;5.934;38;7.677;2;0.909;1;1.515;1;8.333;0;0.000;422;10.336
459;11;16.667;16;7.273;30;6.061;26;3.283;0;0.000;0;0.000;0;0.000;0;0.000;0;0.000;0;0.000;0;0.000;83;2.033
460;4;6.061;11;5.000;22;4.444;40;5.051;54;5.844;60;7.576;21;4.242;27;12.273;0;0.000;0;0.000;0;0.000;239;5.854
461;12;18.182;53;24.091;133;26.869;130;16.414;82;8.874;68;8.586;40;8.081;4;1.818;2;3.030;0;0.000;0;0.000;524;12.834
462;18;27.273;50;22.727;87;17.576;81;10.227;144;15.584;145;18.308;139;28.081;19;8.636;0;0.000;0;0.000;0;0.000;683;16.728
463;14;21.212;61;27.727;166;33.535;338;42.677;441;47.727;430;54.293;325;65.657;140;63.636;46;69.697;4;33.333;1;100.000;1966;48.151
464;20;30.303;40;18.182;65;13.131;92;11.616;120;12.987;65;8.207;17;3.434;8;3.636;0;0.000;0;0.000;0;0.000;427;10.458
465;1;1.515;0;0.000;2;0.404;0;0.000;0;0.000;0;0.000;0;0.000;0;0.000;0;0.000;0;0.000;0;0.000;3;0.073
466;8;12.121;23;10.455;54;10.909;100;12.626;32;3.463;52;6.566;16;3.232;3;1.364;0;0.000;0;0.000;0;0.000;288;7.054
467;5;7.576;8;3.636;10;2.020;16;2.020;4;0.433;0;0.000;0;0.000;0;0.000;0;0.000;0;0.000;0;0.000;43;1.053
468;3;4.545;0;0.000;0;0.000;1;0.126;0;0.000;0;0.000;0;0.000;0;0.000;0;0.000;0;0.000;0;0.000;4;0.098
469;1;1.515;0;0.000;2;0.404;0;0.000;0;0.000;0;0.000;0;0.000;0;0.000;0;0.000;0;0.000;0;0.000;3;0.073
470;15;22.727;39;17.727;56;11.313;94;11.869;63;6.818;44;5.556;43;8.687;0;0.000;2;3.030;0;0.000;0;0.000;356;8.719
471;1;1.515;2;0.909;3;0.606;0;0.000;0;0.000;0;0.000;0;0.000;0;0.000;0;0.000;0;0.000;0;0.000;6;0.147
473;7;10.606;15;6.818;15;3.030;12;1.515;6;0.649;4;0.505;0;0.000;1;0.455;0;0.000;0;0.000;0;0.000;60;1.470
474;21;31.818;74;33.636;167;33.737;298;37.626;256;27.706;210;26.515;203;41.010;57;25.909;25;37.879;1;8.333;0;0.000;1312;32.133
475;1;1.515;0;0.000;0;0.000;0;0.000;0;0.000;0;0.000;0;0.000;0;0.000;0;0.000;0;0.000;0;0.000;1;0.024
476;26;39.394;111;50.455;282;56.970;521;65.783;636;68.831;596;75.253;383;77.374;171;77.727;60;90.909;12;100.000;1;100.000;2799;68.553
477;2;3.030;4;1.818;1;0.202;0;0.000;0;0.000;0;0.000;0;0.000;0;0.000;0;0.000;0;0.000;0;0.000;7;0.171
479;2;3.030;3;1.364;0;0.000;0;0.000;2;0.216;0;0.000;0;0.000;0;0.000;0;0.000;0;0.000;0;0.000;7;0.171
480;12;18.182;37;16.818;50;10.101;65;8.207;55;5.952;25;3.157;0;0.000;0;0.000;0;0.000;0;0.000;0;0.000;244;5.976
481;3;4.545;3;1.364;1;0.202;4;0.505;3;0.325;0;0.000;0;0.000;1;0.455;0;0.000;0;0.000;0;0.000;15;0.367
482;18;27.273;66;30.000;129;26.061;197;24.874;418;45.238;233;29.419;97;19.596;83;37.727;12;18.182;3;25.000;0;0.000;1256;30.762
483;16;24.242;43;19.545;99;20.000;167;21.086;136;14.719;141;17.803;131;26.465;32;14.545;19;28.788;1;8.333;0;0.000;785;19.226
484;10;15.152;17;7.727;45;9.091;61;7.702;50;5.411;76;9.596;27;5.455;14;6.364;1;1.515;0;0.000;0;0.000;301;7.372
485;8;12.121;32;14.545;87;17.576;113;14.268;123;13.312;105;13.258;12;2.424;7;3.182;2;3.030;0;0.000;0;0.000;489;11.976
486;5;7.576;5;2.273;5;1.010;1;0.126;4;0.433;0;0.000;0;0.000;0;0.000;0;0.000;0;0.000;0;0.000;20;0.490
487;5;7.576;8;3.636;13;2.626;3;0.379;7;0.758;0;0.000;0;0.000;0;0.000;0;0.000;0;0.000;0;0.000;36;0.882
488;7;10.606;16;7.273;7;1.414;1;0.126;6;0.649;0;0.000;0;0.000;0;0.000;0;0.000;0;0.000;0;0.000;37;0.906
489;27;40.909;111;50.455;275;55.556;486;61.364;577;62.446;550;69.444;393;79.394;162;73.636;55;83.333;10;83.333;1;100.000;2647;64.830
490;16;24.242;69;31.364;193;38.990;359;45.328;448;48.485;422;53.283;234;47.273;157;71.364;19;28.788;4;33.333;1;100.000;1922;47.073
491;23;34.848;98;44.545;254;51.313;394;49.747;595;64.394;467;58.965;316;63.838;135;61.364;54;81.818;11;91.667;0;0.000;2347;57.482
492;1;1.515;0;0.000;0;0.000;0;0.000;0;0.000;0;0.000;0;0.000;0;0.000;0;0.000;0;0.000;0;0.000;1;0.024
493;16;24.242;54;24.545;163;32.929;268;33.838;334;36.147;229;28.914;155;31.313;59;26.818;20;30.303;6;50.000;0;0.000;1304;31.937
494;20;30.303;51;23.182;120;24.242;218;27.525;208;22.511;200;25.253;143;28.889;34;15.455;32;48.485;2;16.667;0;0.000;1028;25.178
495;17;25.758;52;23.636;132;26.667;206;26.010;212;22.944;241;30.429;219;44.242;34;15.455;14;21.212;6;50.000;0;0.000;1133;27.749
496;3;4.545;9;4.091;13;2.626;5;0.631;10;1.082;5;0.631;1;0.202;0;0.000;1;1.515;0;0.000;0;0.000;47;1.151
497;28;42.424;106;48.182;284;57.374;500;63.131;549;59.416;524;66.162;323;65.253;191;86.818;58;87.879;11;91.667;1;100.000;2575;63.066
498;1;1.515;0;0.000;0;0.000;0;0.000;0;0.000;0;0.000;0;0.000;0;0.000;0;0.000;0;0.000;0;0.000;1;0.024
499;2;3.030;5;2.273;1;0.202;1;0.126;0;0.000;1;0.126;0;0.000;0;0.000;0;0.000;0;0.000;0;0.000;10;0.245
500;2;3.030;8;3.636;13;2.626;8;1.010;1;0.108;0;0.000;0;0.000;0;0.000;0;0.000;0;0.000;0;0.000;32;0.784
501;6;9.091;16;7.273;36;7.273;49;6.187;13;1.407;21;2.652;12;2.424;1;0.455;5;7.576;0;0.000;0;0.000;159;3.894
502;9;13.636;15;6.818;19;3.838;15;1.894;0;0.000;0;0.000;4;0.808;0;0.000;0;0.000;0;0.000;0;0.000;62;1.518
503;11;16.667;23;10.455;6;1.212;2;0.253;4;0.433;0;0.000;0;0.000;0;0.000;0;0.000;0;0.000;0;0.000;46;1.127
504;28;42.424;106;48.182;245;49.495;421;53.157;592;64.069;604;76.263;355;71.717;175;79.545;58;87.879;11;91.667;1;100.000;2596;63.581
505;9;13.636;20;9.091;65;13.131;62;7.828;98;10.606;27;3.409;17;3.434;9;4.091;3;4.545;3;25.000;0;0.000;313;7.666
506;2;3.030;1;0.455;3;0.606;7;0.884;0;0.000;0;0.000;0;0.000;0;0.000;0;0.000;0;0.000;0;0.000;13;0.318
507;12;18.182;40;18.182;62;12.525;37;4.672;86;9.307;3;0.379;0;0.000;0;0.000;0;0.000;0;0.000;0;0.000;240;5.878
508;3;4.545;10;4.545;8;1.616;29;3.662;12;1.299;11;1.389;4;0.808;2;0.909;0;0.000;0;0.000;0;0.000;79;1.935
509;25;37.879;90;40.909;226;45.657;401;50.631;537;58.117;517;65.278;312;63.030;178;80.909;49;74.242;11;91.667;1;100.000;2347;57.482
510;1;1.515;5;2.273;1;0.202;8;1.010;1;0.108;0;0.000;0;0.000;0;0.000;0;0.000;0;0.000;0;0.000;16;0.392
511;16;24.242;63;28.636;176;35.556;348;43.939;457;49.459;446;56.313;262;52.929;155;70.455;41;62.121;4;33.333;0;0.000;1968;48.200
512;11;16.667;55;25.000;165;33.333;324;40.909;442;47.835;409;51.641;135;27.273;81;36.818;18;27.273;1;8.333;0;0.000;1641;40.191
513;20;30.303;70;31.818;138;27.879;220;27.778;342;37.013;273;34.470;209;42.222;76;34.545;16;24.242;2;16.667;1;100.000;1367;33.480
514;1;1.515;3;1.364;0;0.000;2;0.253;0;0.000;0;0.000;0;0.000;0;0.000;0;0.000;0;0.000;0;0.000;6;0.147
515;11;16.667;22;10.000;8;1.616;17;2.146;21;2.273;1;0.126;2;0.404;0;0.000;0;0.000;0;0.000;0;0.000;82;2.008
516;20;30.303;68;30.909;159;32.121;294;37.121;325;35.173;266;33.586;203;41.010;67;30.455;24;36.364;3;25.000;0;0.000;1429;34.999
517;5;7.576;11;5.000;16;3.232;5;0.631;16;1.732;0;0.000;0;0.000;0;0.000;0;0.000;0;0.000;0;0.000;53;1.298
518;3;4.545;6;2.727;4;0.808;16;2.020;3;0.325;2;0.253;0;0.000;0;0.000;0;0.000;0;0.000;0;0.000;34;0.833
519;7;10.606;18;8.182;21;4.242;39;4.924;29;3.139;14;1.768;9;1.818;4;1.818;0;0.000;0;0.000;0;0.000;141;3.453
520;8;12.121;14;6.364;21;4.242;34;4.293;8;0.866;18;2.273;9;1.818;0;0.000;0;0.000;0;0.000;0;0.000;112;2.743
521;9;13.636;16;7.273;61;12.323;62;7.828;102;11.039;46;5.808;27;5.455;2;0.909;9;13.636;3;25.000;0;0.000;337;8.254
522;22;33.333;87;39.545;193;38.990;329;41.540;369;39.935;273;34.470;292;58.990;99;45.000;30;45.455;9;75.000;1;100.000;1704;41.734
523;2;3.030;8;3.636;7;1.414;7;0.884;2;0.216;4;0.505;1;0.202;1;0.455;0;0.000;0;0.000;0;0.000;32;0.784
527;25;37.879;109;49.545;268;54.141;456;57.576;586;63.420;528;66.667;386;77.980;149;67.727;57;86.364;10;83.333;1;100.000;2575;63.066
528;11;16.667;32;14.545;54;10.909;72;9.091;106;11.472;28;3.535;3;0.606;0;0.000;1;1.515;0;0.000;0;0.000;307;7.519
529;15;22.727;52;23.636;124;25.051;237;29.924;241;26.082;241;30.429;132;26.667;65;29.545;9;13.636;7;58.333;0;0.000;1123;27.504
530;2;3.030;1;0.455;2;0.404;0;0.000;0;0.000;1;0.126;0;0.000;0;0.000;0;0.000;0;0.000;0;0.000;6;0.147
531;23;34.848;93;42.273;247;49.899;461;58.207;517;55.952;519;65.530;412;83.232;157;71.364;58;87.879;9;75.000;1;100.000;2497;61.156
532;9;13.636;27;12.273;49;9.899;72;9.091;80;8.658;73;9.217;62;12.525;14;6.364;7;10.606;0;0.000;0;0.000;393;9.625
533;1;1.515;0;0.000;0;0.000;0;0.000;0;0.000;0;0.000;0;0.000;0;0.000;0;0.000;0;0.000;0;0.000;1;0.024
534;17;25.758;41;18.636;102;20.606;158;19.949;82;8.874;97;12.247;98;19.798;30;13.636;6;9.091;1;8.333;0;0.000;632;15.479
536;1;1.515;0;0.000;0;0.000;0;0.000;0;0.000;0;0.000;0;0.000;0;0.000;0;0.000;0;0.000;0;0.000;1;0.024
537;17;25.758;48;21.818;123;24.848;175;22.096;245;26.515;180;22.727;62;12.525;65;29.545;6;9.091;0;0.000;0;0.000;921;22.557
538;11;16.667;43;19.545;70;14.141;107;13.510;8;0.866;11;1.389;12;2.424;0;0.000;0;0.000;0;0.000;0;0.000;262;6.417
540;6;9.091;20;9.091;45;9.091;72;9.091;54;5.844;74;9.343;35;7.071;16;7.273;3;4.545;0;0.000;0;0.000;325;7.960
541;22;33.333;80;36.364;171;34.545;260;32.828;456;49.351;417;52.652;218;44.040;96;43.636;44;66.667;9;75.000;1;100.000;1774;43.448
542;7;10.606;1;0.455;17;3.434;7;0.884;9;0.974;1;0.126;0;0.000;0;0.000;0;0.000;0;0.000;0;0.000;42;1.029
543;3;4.545;1;0.455;3;0.606;14;1.768;10;1.082;22;2.778;5;1.010;4;1.818;0;0.000;0;0.000;0;0.000;62;1.518
544;11;16.667;55;25.000;165;33.333;327;41.288;342;37.013;346;43.687;294;59.394;60;27.273;32;48.485;1;8.333;1;100.000;1634;40.020
545;2;3.030;1;0.455;0;0.000;0;0.000;1;0.108;0;0.000;0;0.000;0;0.000;0;0.000;0;0.000;0;0.000;4;0.098
546;30;45.455;98;44.545;253;51.111;401;50.631;430;46.537;470;59.343;311;62.828;159;72.273;52;78.788;8;66.667;1;100.000;2213;54.200
547;3;4.545;6;2.727;12;2.424;9;1.136;4;0.433;1;0.126;7;1.414;0;0.000;0;0.000;0;0.000;0;0.000;42;1.029
