obserwacja;dla_2_atrybutow;%_obserwacji_2;dla_3_atrybutow;%_obserwacji_3;dla_4_atrybutow;%_obserwacji_4;dla_5_atrybutow;%_obserwacji_5;dla_6_atrybutow;%_obserwacji_6;dla_7_atrybutow;%_obserwacji_7;dla_8_atrybutow;%_obserwacji_8;dla_9_atrybutow;%_obserwacji_9;dla_10_atrybutow;%_obserwacji_10;dla_wszystkich_kombinacji;%_obserwacji_caly_zbior
0;4;8.889;3;2.500;1;0.476;1;0.397;0;0.000;0;0.000;0;0.000;0;0.000;0;0.000;9;0.888
2;17;37.778;58;48.333;110;52.381;126;50.000;130;61.905;79;65.833;35;77.778;9;90.000;0;0.000;564;55.676
3;7;15.556;11;9.167;8;3.810;12;4.762;4;1.905;2;1.667;0;0.000;0;0.000;0;0.000;44;4.344
4;9;20.000;30;25.000;53;25.238;41;16.270;17;8.095;27;22.500;1;2.222;0;0.000;0;0.000;178;17.572
7;23;51.111;76;63.333;127;60.476;166;65.873;173;82.381;90;75.000;38;84.444;10;100.000;1;100.000;704;69.497
9;7;15.556;6;5.000;1;0.476;1;0.397;0;0.000;0;0.000;0;0.000;0;0.000;0;0.000;15;1.481
10;17;37.778;35;29.167;61;29.048;75;29.762;92;43.810;49;40.833;7;15.556;5;50.000;0;0.000;341;33.662
11;9;20.000;36;30.000;81;38.571;73;28.968;98;46.667;14;11.667;5;11.111;0;0.000;0;0.000;316;31.194
12;14;31.111;27;22.500;45;21.429;61;24.206;37;17.619;39;32.500;17;37.778;1;10.000;0;0.000;241;23.791
13;1;2.222;2;1.667;2;0.952;0;0.000;0;0.000;0;0.000;0;0.000;0;0.000;0;0.000;5;0.494
14;11;24.444;33;27.500;46;21.905;71;28.175;54;25.714;38;31.667;10;22.222;4;40.000;0;0.000;267;26.357
16;9;20.000;11;9.167;20;9.524;38;15.079;7;3.333;2;1.667;0;0.000;0;0.000;0;0.000;87;8.588
18;9;20.000;13;10.833;13;6.190;15;5.952;19;9.048;3;2.500;0;0.000;0;0.000;0;0.000;72;7.108
20;8;17.778;13;10.833;29;13.810;31;12.302;4;1.905;0;0.000;1;2.222;0;0.000;0;0.000;86;8.490
22;4;8.889;2;1.667;3;1.429;0;0.000;0;0.000;0;0.000;0;0.000;0;0.000;0;0.000;9;0.888
23;1;2.222;0;0.000;0;0.000;0;0.000;0;0.000;0;0.000;0;0.000;0;0.000;0;0.000;1;0.099
24;1;2.222;4;3.333;3;1.429;4;1.587;0;0.000;0;0.000;0;0.000;0;0.000;0;0.000;12;1.185
26;12;26.667;38;31.667;81;38.571;87;34.524;108;51.429;57;47.500;13;28.889;1;10.000;0;0.000;397;39.191
27;11;24.444;29;24.167;41;19.524;33;13.095;57;27.143;22;18.333;9;20.000;0;0.000;0;0.000;202;19.941
29;3;6.667;12;10.000;19;9.048;9;3.571;8;3.810;0;0.000;0;0.000;0;0.000;0;0.000;51;5.035
30;16;35.556;43;35.833;79;37.619;79;31.349;61;29.048;28;23.333;18;40.000;7;70.000;0;0.000;331;32.675
33;3;6.667;5;4.167;8;3.810;6;2.381;1;0.476;0;0.000;0;0.000;0;0.000;0;0.000;23;2.270
34;8;17.778;2;1.667;4;1.905;1;0.397;0;0.000;0;0.000;0;0.000;0;0.000;0;0.000;15;1.481
35;9;20.000;36;30.000;84;40.000;124;49.206;121;57.619;67;55.833;35;77.778;5;50.000;1;100.000;482;47.581
36;11;24.444;18;15.000;28;13.333;26;10.317;12;5.714;15;12.500;0;0.000;0;0.000;0;0.000;110;10.859
37;2;4.444;0;0.000;0;0.000;0;0.000;0;0.000;0;0.000;0;0.000;0;0.000;0;0.000;2;0.197
38;10;22.222;19;15.833;23;10.952;17;6.746;6;2.857;1;0.833;0;0.000;0;0.000;0;0.000;76;7.502
40;4;8.889;13;10.833;10;4.762;15;5.952;4;1.905;0;0.000;0;0.000;0;0.000;0;0.000;46;4.541
42;4;8.889;4;3.333;13;6.190;2;0.794;10;4.762;1;0.833;0;0.000;0;0.000;0;0.000;34;3.356
43;1;2.222;0;0.000;0;0.000;0;0.000;0;0.000;0;0.000;0;0.000;0;0.000;0;0.000;1;0.099
44;8;17.778;14;11.667;5;2.381;5;1.984;0;0.000;0;0.000;0;0.000;0;0.000;0;0.000;32;3.159
45;16;35.556;46;38.333;82;39.048;119;47.222;96;45.714;62;51.667;31;68.889;6;60.000;1;100.000;459;45.311
46;13;28.889;43;35.833;77;36.667;97;38.492;71;33.810;66;55.000;29;64.444;1;10.000;1;100.000;398;39.289
47;10;22.222;20;16.667;36;17.143;33;13.095;47;22.381;7;5.833;2;4.444;0;0.000;0;0.000;155;15.301
49;13;28.889;43;35.833;86;40.952;115;45.635;101;48.095;61;50.833;23;51.111;5;50.000;0;0.000;447;44.126
51;11;24.444;24;20.000;47;22.381;50;19.841;20;9.524;18;15.000;2;4.444;0;0.000;0;0.000;172;16.979
53;13;28.889;24;20.000;31;14.762;64;25.397;36;17.143;37;30.833;11;24.444;0;0.000;0;0.000;216;21.323
54;10;22.222;23;19.167;18;8.571;33;13.095;2;0.952;6;5.000;1;2.222;0;0.000;0;0.000;93;9.181
55;12;26.667;33;27.500;58;27.619;83;32.937;63;30.000;54;45.000;12;26.667;3;30.000;1;100.000;319;31.491
56;0;0.000;0;0.000;0;0.000;2;0.794;0;0.000;0;0.000;0;0.000;0;0.000;0;0.000;2;0.197
57;17;37.778;56;46.667;56;26.667;67;26.587;73;34.762;53;44.167;12;26.667;3;30.000;1;100.000;338;33.366
59;6;13.333;11;9.167;14;6.667;20;7.937;13;6.190;1;0.833;2;4.444;0;0.000;0;0.000;67;6.614
60;15;33.333;44;36.667;91;43.333;136;53.968;127;60.476;89;74.167;38;84.444;9;90.000;1;100.000;550;54.294
61;4;8.889;5;4.167;5;2.381;2;0.794;0;0.000;0;0.000;0;0.000;0;0.000;0;0.000;16;1.579
62;0;0.000;1;0.833;0;0.000;0;0.000;0;0.000;0;0.000;0;0.000;0;0.000;0;0.000;1;0.099
63;17;37.778;46;38.333;95;45.238;117;46.429;96;45.714;55;45.833;10;22.222;5;50.000;0;0.000;441;43.534
64;11;24.444;29;24.167;42;20.000;53;21.032;46;21.905;16;13.333;5;11.111;1;10.000;0;0.000;203;20.039
66;20;44.444;51;42.500;101;48.095;126;50.000;123;58.571;64;53.333;32;71.111;9;90.000;1;100.000;527;52.024
67;2;4.444;0;0.000;0;0.000;0;0.000;0;0.000;0;0.000;0;0.000;0;0.000;0;0.000;2;0.197
68;10;22.222;37;30.833;84;40.000;107;42.460;90;42.857;30;25.000;15;33.333;4;40.000;1;100.000;378;37.315
70;2;4.444;7;5.833;0;0.000;0;0.000;2;0.952;0;0.000;0;0.000;0;0.000;0;0.000;11;1.086
71;10;22.222;24;20.000;25;11.905;41;16.270;29;13.810;9;7.500;5;11.111;0;0.000;0;0.000;143;14.116
73;1;2.222;0;0.000;0;0.000;0;0.000;0;0.000;0;0.000;0;0.000;0;0.000;0;0.000;1;0.099
76;3;6.667;7;5.833;5;2.381;5;1.984;0;0.000;5;4.167;0;0.000;0;0.000;0;0.000;25;2.468
78;11;24.444;34;28.333;56;26.667;73;28.968;60;28.571;17;14.167;14;31.111;5;50.000;0;0.000;270;26.654
79;3;6.667;2;1.667;0;0.000;1;0.397;5;2.381;0;0.000;0;0.000;0;0.000;0;0.000;11;1.086
80;11;24.444;34;28.333;65;30.952;48;19.048;75;35.714;34;28.333;15;33.333;4;40.000;0;0.000;286;28.233
81;25;55.556;74;61.667;145;69.048;172;68.254;170;80.952;105;87.500;42;93.333;9;90.000;1;100.000;743;73.346
83;12;26.667;21;17.500;31;14.762;35;13.889;25;11.905;20;16.667;7;15.556;1;10.000;0;0.000;152;15.005
84;6;13.333;13;10.833;16;7.619;16;6.349;5;2.381;1;0.833;1;2.222;0;0.000;0;0.000;58;5.726
85;9;20.000;18;15.000;30;14.286;30;11.905;6;2.857;5;4.167;1;2.222;0;0.000;0;0.000;99;9.773
86;12;26.667;30;25.000;42;20.000;37;14.683;59;28.095;15;12.500;4;8.889;1;10.000;0;0.000;200;19.743
87;9;20.000;16;13.333;8;3.810;18;7.143;4;1.905;0;0.000;0;0.000;0;0.000;0;0.000;55;5.429
88;17;37.778;64;53.333;117;55.714;137;54.365;104;49.524;71;59.167;32;71.111;6;60.000;1;100.000;549;54.195
89;15;33.333;30;25.000;37;17.619;51;20.238;33;15.714;38;31.667;13;28.889;0;0.000;0;0.000;217;21.422
90;8;17.778;12;10.000;22;10.476;14;5.556;7;3.333;1;0.833;0;0.000;0;0.000;0;0.000;64;6.318
92;17;37.778;43;35.833;46;21.905;59;23.413;52;24.762;54;45.000;20;44.444;4;40.000;1;100.000;296;29.220
93;12;26.667;36;30.000;59;28.095;53;21.032;83;39.524;25;20.833;17;37.778;2;20.000;0;0.000;287;28.332
94;3;6.667;2;1.667;0;0.000;0;0.000;0;0.000;0;0.000;0;0.000;0;0.000;0;0.000;5;0.494
97;18;40.000;54;45.000;92;43.810;141;55.952;126;60.000;81;67.500;36;80.000;6;60.000;1;100.000;555;54.788
98;10;22.222;33;27.500;56;26.667;66;26.190;58;27.619;10;8.333;1;2.222;2;20.000;1;100.000;237;23.396
99;3;6.667;6;5.000;4;1.905;3;1.190;1;0.476;0;0.000;0;0.000;0;0.000;0;0.000;17;1.678
100;9;20.000;35;29.167;59;28.095;53;21.032;30;14.286;9;7.500;4;8.889;0;0.000;0;0.000;199;19.645
101;10;22.222;35;29.167;79;37.619;78;30.952;79;37.619;40;33.333;10;22.222;0;0.000;0;0.000;331;32.675
102;4;8.889;4;3.333;3;1.429;5;1.984;3;1.429;0;0.000;0;0.000;0;0.000;0;0.000;19;1.876
104;10;22.222;25;20.833;39;18.571;29;11.508;18;8.571;9;7.500;4;8.889;0;0.000;0;0.000;134;13.228
105;11;24.444;21;17.500;31;14.762;35;13.889;20;9.524;18;15.000;3;6.667;1;10.000;0;0.000;140;13.820
107;19;42.222;51;42.500;98;46.667;129;51.190;127;60.476;55;45.833;30;66.667;9;90.000;1;100.000;519;51.234
108;14;31.111;40;33.333;83;39.524;94;37.302;80;38.095;46;38.333;27;60.000;7;70.000;1;100.000;392;38.697
109;10;22.222;11;9.167;21;10.000;18;7.143;12;5.714;10;8.333;0;0.000;0;0.000;0;0.000;82;8.095
110;4;8.889;7;5.833;7;3.333;1;0.397;1;0.476;0;0.000;0;0.000;0;0.000;0;0.000;20;1.974
112;6;13.333;13;10.833;15;7.143;9;3.571;3;1.429;4;3.333;1;2.222;0;0.000;0;0.000;51;5.035
113;9;20.000;33;27.500;64;30.476;62;24.603;44;20.952;10;8.333;1;2.222;0;0.000;0;0.000;223;22.014
114;9;20.000;36;30.000;74;35.238;66;26.190;7;3.333;15;12.500;6;13.333;2;20.000;0;0.000;215;21.224
115;0;0.000;2;1.667;1;0.476;2;0.794;0;0.000;0;0.000;0;0.000;0;0.000;0;0.000;5;0.494
117;6;13.333;18;15.000;28;13.333;31;12.302;45;21.429;6;5.000;9;20.000;4;40.000;0;0.000;147;14.511
118;1;2.222;2;1.667;0;0.000;0;0.000;0;0.000;0;0.000;0;0.000;0;0.000;0;0.000;3;0.296
119;2;4.444;0;0.000;0;0.000;0;0.000;0;0.000;0;0.000;0;0.000;0;0.000;0;0.000;2;0.197
120;5;11.111;4;3.333;2;0.952;0;0.000;1;0.476;0;0.000;0;0.000;0;0.000;0;0.000;12;1.185
121;2;4.444;3;2.500;11;5.238;0;0.000;1;0.476;0;0.000;0;0.000;0;0.000;0;0.000;17;1.678
122;2;4.444;0;0.000;0;0.000;0;0.000;0;0.000;0;0.000;0;0.000;0;0.000;0;0.000;2;0.197
123;10;22.222;29;24.167;47;22.381;55;21.825;31;14.762;8;6.667;5;11.111;0;0.000;1;100.000;186;18.361
124;17;37.778;49;40.833;72;34.286;73;28.968;70;33.333;48;40.000;13;28.889;3;30.000;0;0.000;345;34.057
125;14;31.111;38;31.667;78;37.143;95;37.698;86;40.952;46;38.333;17;37.778;3;30.000;1;100.000;378;37.315
126;5;11.111;8;6.667;3;1.429;17;6.746;0;0.000;2;1.667;0;0.000;0;0.000;0;0.000;35;3.455
127;21;46.667;67;55.833;130;61.905;177;70.238;155;73.810;87;72.500;40;88.889;9;90.000;1;100.000;687;67.818
128;4;8.889;7;5.833;9;4.286;4;1.587;1;0.476;0;0.000;0;0.000;0;0.000;0;0.000;25;2.468
129;6;13.333;10;8.333;10;4.762;15;5.952;0;0.000;2;1.667;0;0.000;0;0.000;0;0.000;43;4.245
130;7;15.556;7;5.833;11;5.238;3;1.190;3;1.429;0;0.000;0;0.000;0;0.000;0;0.000;31;3.060
131;9;20.000;30;25.000;60;28.571;58;23.016;40;19.048;16;13.333;9;20.000;0;0.000;0;0.000;222;21.915
132;10;22.222;32;26.667;55;26.190;57;22.619;49;23.333;34;28.333;8;17.778;3;30.000;0;0.000;248;24.482
133;20;44.444;46;38.333;102;48.571;119;47.222;113;53.810;67;55.833;33;73.333;6;60.000;1;100.000;507;50.049
135;3;6.667;7;5.833;1;0.476;4;1.587;0;0.000;0;0.000;0;0.000;0;0.000;0;0.000;15;1.481
136;15;33.333;38;31.667;62;29.524;83;32.937;86;40.952;25;20.833;15;33.333;5;50.000;0;0.000;329;32.478
137;9;20.000;34;28.333;60;28.571;43;17.063;5;2.381;0;0.000;0;0.000;0;0.000;0;0.000;151;14.906
138;12;26.667;36;30.000;84;40.000;125;49.603;116;55.238;70;58.333;33;73.333;7;70.000;1;100.000;484;47.779
139;6;13.333;14;11.667;13;6.190;23;9.127;1;0.476;9;7.500;1;2.222;0;0.000;0;0.000;67;6.614
140;18;40.000;60;50.000;128;60.952;147;58.333;133;63.333;81;67.500;35;77.778;10;100.000;1;100.000;613;60.513
141;15;33.333;48;40.000;100;47.619;132;52.381;111;52.857;60;50.000;26;57.778;6;60.000;1;100.000;499;49.260
142;3;6.667;2;1.667;1;0.476;1;0.397;1;0.476;0;0.000;0;0.000;0;0.000;0;0.000;8;0.790
143;14;31.111;43;35.833;71;33.810;116;46.032;102;48.571;75;62.500;22;48.889;3;30.000;1;100.000;447;44.126
144;9;20.000;33;27.500;31;14.762;24;9.524;2;0.952;0;0.000;0;0.000;0;0.000;0;0.000;99;9.773
145;1;2.222;0;0.000;0;0.000;0;0.000;0;0.000;0;0.000;0;0.000;0;0.000;0;0.000;1;0.099
146;10;22.222;36;30.000;84;40.000;123;48.810;119;56.667;44;36.667;22;48.889;3;30.000;1;100.000;442;43.633
148;12;26.667;31;25.833;58;27.619;65;25.794;57;27.143;50;41.667;14;31.111;3;30.000;0;0.000;290;28.628
149;22;48.889;50;41.667;100;47.619;129;51.190;113;53.810;67;55.833;33;73.333;7;70.000;1;100.000;522;51.530
150;6;13.333;7;5.833;10;4.762;23;9.127;4;1.905;2;1.667;2;4.444;0;0.000;0;0.000;54;5.331
151;1;2.222;1;0.833;0;0.000;0;0.000;0;0.000;0;0.000;0;0.000;0;0.000;0;0.000;2;0.197
152;1;2.222;0;0.000;0;0.000;0;0.000;0;0.000;0;0.000;0;0.000;0;0.000;0;0.000;1;0.099
154;2;4.444;0;0.000;1;0.476;0;0.000;0;0.000;0;0.000;0;0.000;0;0.000;0;0.000;3;0.296
155;11;24.444;36;30.000;84;40.000;116;46.032;114;54.286;74;61.667;26;57.778;6;60.000;0;0.000;467;46.101
156;13;28.889;37;30.833;75;35.714;79;31.349;99;47.143;33;27.500;9;20.000;1;10.000;0;0.000;346;34.156
157;4;8.889;5;4.167;0;0.000;2;0.794;0;0.000;0;0.000;0;0.000;0;0.000;0;0.000;11;1.086
158;5;11.111;10;8.333;11;5.238;7;2.778;5;2.381;0;0.000;0;0.000;0;0.000;0;0.000;38;3.751
160;10;22.222;31;25.833;61;29.048;69;27.381;30;14.286;21;17.500;1;2.222;0;0.000;0;0.000;223;22.014
161;5;11.111;10;8.333;14;6.667;15;5.952;0;0.000;9;7.500;3;6.667;0;0.000;0;0.000;56;5.528
162;19;42.222;53;44.167;101;48.095;147;58.333;103;49.048;83;69.167;32;71.111;9;90.000;1;100.000;548;54.097
163;11;24.444;15;12.500;34;16.190;22;8.730;34;16.190;14;11.667;0;0.000;0;0.000;0;0.000;130;12.833
164;10;22.222;14;11.667;16;7.619;12;4.762;5;2.381;0;0.000;0;0.000;0;0.000;0;0.000;57;5.627
166;8;17.778;14;11.667;6;2.857;7;2.778;5;2.381;2;1.667;0;0.000;0;0.000;0;0.000;42;4.146
167;1;2.222;1;0.833;3;1.429;2;0.794;1;0.476;0;0.000;0;0.000;0;0.000;0;0.000;8;0.790
168;4;8.889;6;5.000;7;3.333;0;0.000;0;0.000;0;0.000;0;0.000;0;0.000;0;0.000;17;1.678
169;15;33.333;42;35.000;69;32.857;114;45.238;88;41.905;53;44.167;26;57.778;2;20.000;0;0.000;409;40.375
171;12;26.667;17;14.167;27;12.857;35;13.889;33;15.714;8;6.667;0;0.000;0;0.000;0;0.000;132;13.031
172;15;33.333;35;29.167;76;36.190;80;31.746;109;51.905;25;20.833;9;20.000;6;60.000;0;0.000;355;35.044
173;0;0.000;1;0.833;0;0.000;0;0.000;0;0.000;0;0.000;0;0.000;0;0.000;0;0.000;1;0.099
174;4;8.889;6;5.000;3;1.429;9;3.571;3;1.429;2;1.667;0;0.000;0;0.000;0;0.000;27;2.665
175;9;20.000;31;25.833;28;13.333;26;10.317;7;3.333;12;10.000;0;0.000;0;0.000;0;0.000;113;11.155
176;3;6.667;11;9.167;12;5.714;12;4.762;4;1.905;2;1.667;2;4.444;0;0.000;0;0.000;46;4.541
177;1;2.222;1;0.833;2;0.952;1;0.397;0;0.000;0;0.000;0;0.000;0;0.000;0;0.000;5;0.494
178;6;13.333;13;10.833;14;6.667;10;3.968;2;0.952;0;0.000;0;0.000;0;0.000;0;0.000;45;4.442
179;15;33.333;20;16.667;29;13.810;44;17.460;45;21.429;3;2.500;0;0.000;0;0.000;0;0.000;156;15.400
180;10;22.222;31;25.833;47;22.381;51;20.238;17;8.095;15;12.500;1;2.222;0;0.000;0;0.000;172;16.979
181;11;24.444;38;31.667;86;40.952;125;49.603;126;60.000;81;67.500;29;64.444;8;80.000;1;100.000;505;49.852
182;4;8.889;2;1.667;1;0.476;0;0.000;0;0.000;0;0.000;0;0.000;0;0.000;0;0.000;7;0.691
183;9;20.000;36;30.000;84;40.000;126;50.000;124;59.048;84;70.000;32;71.111;4;40.000;0;0.000;499;49.260
184;6;13.333;9;7.500;17;8.095;5;1.984;0;0.000;1;0.833;1;2.222;0;0.000;0;0.000;39;3.850
185;1;2.222;2;1.667;0;0.000;0;0.000;0;0.000;0;0.000;0;0.000;0;0.000;0;0.000;3;0.296
186;3;6.667;0;0.000;0;0.000;0;0.000;0;0.000;0;0.000;0;0.000;0;0.000;0;0.000;3;0.296
187;10;22.222;30;25.000;38;18.095;57;22.619;34;16.190;10;8.333;1;2.222;2;20.000;0;0.000;182;17.966
188;4;8.889;8;6.667;2;0.952;0;0.000;0;0.000;0;0.000;0;0.000;0;0.000;0;0.000;14;1.382
190;15;33.333;53;44.167;107;50.952;148;58.730;120;57.143;91;75.833;35;77.778;9;90.000;1;100.000;579;57.157
191;7;15.556;4;3.333;8;3.810;0;0.000;1;0.476;0;0.000;0;0.000;0;0.000;0;0.000;20;1.974
192;12;26.667;41;34.167;87;41.429;126;50.000;125;59.524;78;65.000;33;73.333;9;90.000;1;100.000;512;50.543
193;9;20.000;36;30.000;84;40.000;113;44.841;115;54.762;48;40.000;8;17.778;2;20.000;0;0.000;415;40.967
194;9;20.000;35;29.167;76;36.190;91;36.111;75;35.714;52;43.333;11;24.444;3;30.000;0;0.000;352;34.748
195;11;24.444;29;24.167;46;21.905;57;22.619;43;20.476;14;11.667;4;8.889;3;30.000;0;0.000;207;20.434
197;9;20.000;8;6.667;7;3.333;6;2.381;2;0.952;0;0.000;0;0.000;0;0.000;0;0.000;32;3.159
198;24;53.333;68;56.667;112;53.333;153;60.714;148;70.476;95;79.167;36;80.000;9;90.000;1;100.000;646;63.771
199;3;6.667;1;0.833;1;0.476;0;0.000;0;0.000;0;0.000;0;0.000;0;0.000;0;0.000;5;0.494
201;29;64.444;58;48.333;136;64.762;175;69.444;162;77.143;102;85.000;42;93.333;10;100.000;1;100.000;715;70.582
203;17;37.778;22;18.333;35;16.667;54;21.429;32;15.238;16;13.333;6;13.333;0;0.000;0;0.000;182;17.966
204;5;11.111;8;6.667;5;2.381;8;3.175;1;0.476;0;0.000;0;0.000;0;0.000;0;0.000;27;2.665
205;16;35.556;34;28.333;48;22.857;69;27.381;58;27.619;41;34.167;1;2.222;3;30.000;1;100.000;271;26.752
206;1;2.222;0;0.000;0;0.000;0;0.000;0;0.000;0;0.000;0;0.000;0;0.000;0;0.000;1;0.099
207;9;20.000;20;16.667;20;9.524;0;0.000;0;0.000;0;0.000;0;0.000;0;0.000;0;0.000;49;4.837
208;7;15.556;17;14.167;17;8.095;22;8.730;9;4.286;13;10.833;2;4.444;0;0.000;0;0.000;87;8.588
209;11;24.444;36;30.000;83;39.524;104;41.270;94;44.762;62;51.667;18;40.000;4;40.000;1;100.000;413;40.770
211;1;2.222;1;0.833;0;0.000;0;0.000;0;0.000;0;0.000;0;0.000;0;0.000;0;0.000;2;0.197
212;13;28.889;45;37.500;92;43.810;134;53.175;120;57.143;80;66.667;35;77.778;6;60.000;1;100.000;526;51.925
214;15;33.333;40;33.333;52;24.762;78;30.952;63;30.000;35;29.167;15;33.333;3;30.000;1;100.000;302;29.812
215;10;22.222;27;22.500;41;19.524;38;15.079;40;19.048;17;14.167;11;24.444;2;20.000;0;0.000;186;18.361
219;3;6.667;3;2.500;8;3.810;7;2.778;0;0.000;0;0.000;0;0.000;0;0.000;0;0.000;21;2.073
220;10;22.222;33;27.500;38;18.095;56;22.222;63;30.000;25;20.833;11;24.444;3;30.000;0;0.000;239;23.593
222;9;20.000;19;15.833;25;11.905;9;3.571;3;1.429;0;0.000;0;0.000;0;0.000;0;0.000;65;6.417
223;17;37.778;45;37.500;63;30.000;74;29.365;89;42.381;52;43.333;20;44.444;3;30.000;0;0.000;363;35.834
225;8;17.778;19;15.833;26;12.381;38;15.079;13;6.190;2;1.667;0;0.000;0;0.000;0;0.000;106;10.464
226;10;22.222;36;30.000;82;39.048;118;46.825;100;47.619;46;38.333;19;42.222;5;50.000;1;100.000;417;41.165
227;12;26.667;28;23.333;28;13.333;27;10.714;55;26.190;9;7.500;3;6.667;5;50.000;0;0.000;167;16.486
229;10;22.222;21;17.500;39;18.571;48;19.048;42;20.000;24;20.000;4;8.889;1;10.000;0;0.000;189;18.657
230;3;6.667;8;6.667;1;0.476;0;0.000;0;0.000;0;0.000;0;0.000;0;0.000;0;0.000;12;1.185
231;9;20.000;36;30.000;53;25.238;67;26.587;37;17.619;19;15.833;0;0.000;0;0.000;0;0.000;221;21.816
232;13;28.889;29;24.167;34;16.190;42;16.667;18;8.571;6;5.000;2;4.444;0;0.000;0;0.000;144;14.215
234;12;26.667;39;32.500;61;29.048;100;39.683;60;28.571;58;48.333;21;46.667;5;50.000;0;0.000;356;35.143
235;9;20.000;20;16.667;45;21.429;57;22.619;14;6.667;4;3.333;9;20.000;0;0.000;1;100.000;159;15.696
236;20;44.444;65;54.167;126;60.000;153;60.714;153;72.857;94;78.333;33;73.333;9;90.000;1;100.000;654;64.561
238;9;20.000;36;30.000;80;38.095;115;45.635;67;31.905;33;27.500;24;53.333;0;0.000;0;0.000;364;35.933
240;4;8.889;4;3.333;8;3.810;2;0.794;1;0.476;6;5.000;0;0.000;0;0.000;0;0.000;25;2.468
241;5;11.111;4;3.333;2;0.952;2;0.794;0;0.000;0;0.000;0;0.000;0;0.000;0;0.000;13;1.283
242;2;4.444;2;1.667;0;0.000;0;0.000;0;0.000;0;0.000;0;0.000;0;0.000;0;0.000;4;0.395
243;10;22.222;28;23.333;38;18.095;75;29.762;42;20.000;37;30.833;17;37.778;4;40.000;1;100.000;252;24.877
247;9;20.000;35;29.167;80;38.095;84;33.333;62;29.524;28;23.333;7;15.556;3;30.000;0;0.000;308;30.405
248;1;2.222;0;0.000;0;0.000;0;0.000;0;0.000;0;0.000;0;0.000;0;0.000;0;0.000;1;0.099
249;10;22.222;14;11.667;19;9.048;25;9.921;14;6.667;1;0.833;2;4.444;0;0.000;0;0.000;85;8.391
250;10;22.222;34;28.333;60;28.571;57;22.619;46;21.905;43;35.833;1;2.222;0;0.000;0;0.000;251;24.778
251;1;2.222;1;0.833;0;0.000;0;0.000;0;0.000;0;0.000;0;0.000;0;0.000;0;0.000;2;0.197
252;1;2.222;1;0.833;0;0.000;0;0.000;0;0.000;0;0.000;0;0.000;0;0.000;0;0.000;2;0.197
254;2;4.444;0;0.000;0;0.000;0;0.000;0;0.000;0;0.000;0;0.000;0;0.000;0;0.000;2;0.197
255;7;15.556;15;12.500;1;0.476;6;2.381;1;0.476;0;0.000;0;0.000;0;0.000;0;0.000;30;2.962
256;9;20.000;36;30.000;61;29.048;16;6.349;9;4.286;5;4.167;0;0.000;0;0.000;0;0.000;136;13.425
257;9;20.000;36;30.000;84;40.000;113;44.841;104;49.524;57;47.500;23;51.111;3;30.000;1;100.000;430;42.448
258;21;46.667;65;54.167;125;59.524;162;64.286;135;64.286;102;85.000;42;93.333;7;70.000;1;100.000;660;65.153
259;9;20.000;31;25.833;41;19.524;52;20.635;17;8.095;13;10.833;6;13.333;2;20.000;0;0.000;171;16.881
260;7;15.556;1;0.833;0;0.000;0;0.000;0;0.000;0;0.000;0;0.000;0;0.000;0;0.000;8;0.790
261;26;57.778;77;64.167;146;69.524;198;78.571;186;88.571;107;89.167;42;93.333;10;100.000;1;100.000;793;78.282
262;9;20.000;26;21.667;19;9.048;14;5.556;14;6.667;0;0.000;0;0.000;0;0.000;0;0.000;82;8.095
263;1;2.222;0;0.000;0;0.000;0;0.000;0;0.000;0;0.000;0;0.000;0;0.000;0;0.000;1;0.099
264;6;13.333;0;0.000;0;0.000;0;0.000;0;0.000;0;0.000;0;0.000;0;0.000;0;0.000;6;0.592
266;7;15.556;8;6.667;9;4.286;3;1.190;0;0.000;0;0.000;0;0.000;0;0.000;0;0.000;27;2.665
268;1;2.222;0;0.000;1;0.476;0;0.000;0;0.000;0;0.000;0;0.000;0;0.000;0;0.000;2;0.197
269;4;8.889;0;0.000;1;0.476;0;0.000;0;0.000;0;0.000;0;0.000;0;0.000;0;0.000;5;0.494
270;19;42.222;25;20.833;68;32.381;74;29.365;61;29.048;38;31.667;20;44.444;1;10.000;0;0.000;306;30.207
272;0;0.000;0;0.000;0;0.000;0;0.000;1;0.476;0;0.000;0;0.000;0;0.000;0;0.000;1;0.099
274;11;24.444;34;28.333;74;35.238;86;34.127;96;45.714;26;21.667;17;37.778;3;30.000;1;100.000;348;34.353
275;9;20.000;36;30.000;82;39.048;119;47.222;111;52.857;28;23.333;28;62.222;2;20.000;1;100.000;416;41.066
276;11;24.444;40;33.333;64;30.476;83;32.937;62;29.524;48;40.000;23;51.111;2;20.000;0;0.000;333;32.873
277;10;22.222;30;25.000;45;21.429;39;15.476;26;12.381;11;9.167;5;11.111;4;40.000;0;0.000;170;16.782
278;9;20.000;25;20.833;41;19.524;28;11.111;20;9.524;7;5.833;0;0.000;0;0.000;0;0.000;130;12.833
279;8;17.778;20;16.667;23;10.952;19;7.540;13;6.190;2;1.667;2;4.444;0;0.000;0;0.000;87;8.588
280;10;22.222;23;19.167;49;23.333;42;16.667;22;10.476;4;3.333;4;8.889;0;0.000;0;0.000;154;15.202
281;4;8.889;2;1.667;0;0.000;0;0.000;0;0.000;0;0.000;0;0.000;0;0.000;0;0.000;6;0.592
282;4;8.889;0;0.000;0;0.000;2;0.794;0;0.000;0;0.000;0;0.000;0;0.000;0;0.000;6;0.592
283;4;8.889;7;5.833;4;1.905;2;0.794;0;0.000;0;0.000;0;0.000;0;0.000;0;0.000;17;1.678
284;9;20.000;38;31.667;84;40.000;105;41.667;94;44.762;57;47.500;13;28.889;4;40.000;0;0.000;404;39.882
285;2;4.444;1;0.833;0;0.000;0;0.000;0;0.000;0;0.000;0;0.000;0;0.000;0;0.000;3;0.296
286;2;4.444;2;1.667;2;0.952;0;0.000;0;0.000;0;0.000;0;0.000;0;0.000;0;0.000;6;0.592
287;11;24.444;23;19.167;51;24.286;39;15.476;17;8.095;16;13.333;6;13.333;0;0.000;0;0.000;163;16.091
288;2;4.444;8;6.667;14;6.667;4;1.587;2;0.952;0;0.000;0;0.000;1;10.000;0;0.000;31;3.060
291;4;8.889;6;5.000;9;4.286;6;2.381;0;0.000;0;0.000;0;0.000;0;0.000;0;0.000;25;2.468
292;2;4.444;2;1.667;0;0.000;0;0.000;0;0.000;0;0.000;0;0.000;0;0.000;0;0.000;4;0.395
293;7;15.556;3;2.500;3;1.429;4;1.587;0;0.000;0;0.000;0;0.000;0;0.000;0;0.000;17;1.678
294;10;22.222;10;8.333;23;10.952;19;7.540;18;8.571;9;7.500;6;13.333;0;0.000;0;0.000;95;9.378
295;6;13.333;8;6.667;13;6.190;2;0.794;11;5.238;0;0.000;0;0.000;0;0.000;0;0.000;40;3.949
296;6;13.333;8;6.667;11;5.238;10;3.968;5;2.381;1;0.833;0;0.000;0;0.000;0;0.000;41;4.047
297;16;35.556;46;38.333;74;35.238;87;34.524;68;32.381;42;35.000;11;24.444;1;10.000;1;100.000;346;34.156
298;22;48.889;66;55.000;141;67.143;196;77.778;170;80.952;102;85.000;44;97.778;10;100.000;1;100.000;752;74.235
299;9;20.000;25;20.833;23;10.952;8;3.175;1;0.476;0;0.000;0;0.000;0;0.000;0;0.000;66;6.515
300;8;17.778;16;13.333;11;5.238;11;4.365;5;2.381;0;0.000;0;0.000;0;0.000;0;0.000;51;5.035
302;1;2.222;6;5.000;8;3.810;15;5.952;10;4.762;0;0.000;0;0.000;0;0.000;0;0.000;40;3.949
303;9;20.000;28;23.333;13;6.190;7;2.778;5;2.381;2;1.667;0;0.000;0;0.000;0;0.000;64;6.318
305;7;15.556;3;2.500;2;0.952;0;0.000;0;0.000;0;0.000;0;0.000;0;0.000;0;0.000;12;1.185
306;9;20.000;35;29.167;47;22.381;55;21.825;37;17.619;28;23.333;4;8.889;1;10.000;0;0.000;216;21.323
307;17;37.778;43;35.833;81;38.571;97;38.492;99;47.143;47;39.167;28;62.222;7;70.000;0;0.000;419;41.362
308;1;2.222;0;0.000;0;0.000;0;0.000;0;0.000;0;0.000;0;0.000;0;0.000;0;0.000;1;0.099
309;9;20.000;36;30.000;59;28.095;71;28.175;69;32.857;4;3.333;4;8.889;2;20.000;0;0.000;254;25.074
310;9;20.000;36;30.000;84;40.000;126;50.000;123;58.571;83;69.167;35;77.778;9;90.000;1;100.000;506;49.951
311;17;37.778;59;49.167;118;56.190;127;50.397;121;57.619;76;63.333;35;77.778;8;80.000;1;100.000;562;55.479
313;1;2.222;0;0.000;0;0.000;0;0.000;0;0.000;0;0.000;0;0.000;0;0.000;0;0.000;1;0.099
314;1;2.222;0;0.000;0;0.000;0;0.000;0;0.000;0;0.000;0;0.000;0;0.000;0;0.000;1;0.099
315;6;13.333;9;7.500;21;10.000;15;5.952;9;4.286;16;13.333;0;0.000;0;0.000;0;0.000;76;7.502
316;22;48.889;63;52.500;119;56.667;170;67.460;160;76.190;97;80.833;38;84.444;9;90.000;1;100.000;679;67.029
317;9;20.000;9;7.500;20;9.524;7;2.778;1;0.476;0;0.000;0;0.000;0;0.000;0;0.000;46;4.541
318;16;35.556;39;32.500;69;32.857;89;35.317;86;40.952;44;36.667;21;46.667;5;50.000;1;100.000;370;36.525
319;9;20.000;32;26.667;37;17.619;32;12.698;15;7.143;2;1.667;2;4.444;0;0.000;0;0.000;129;12.734
320;9;20.000;17;14.167;20;9.524;18;7.143;2;0.952;2;1.667;0;0.000;0;0.000;0;0.000;68;6.713
321;4;8.889;8;6.667;7;3.333;1;0.397;7;3.333;4;3.333;0;0.000;0;0.000;0;0.000;31;3.060
322;8;17.778;5;4.167;2;0.952;0;0.000;0;0.000;0;0.000;0;0.000;0;0.000;0;0.000;15;1.481
323;5;11.111;11;9.167;25;11.905;20;7.937;18;8.571;1;0.833;2;4.444;2;20.000;0;0.000;84;8.292
324;9;20.000;16;13.333;31;14.762;22;8.730;15;7.143;9;7.500;2;4.444;0;0.000;0;0.000;104;10.267
326;4;8.889;8;6.667;9;4.286;2;0.794;1;0.476;0;0.000;0;0.000;0;0.000;0;0.000;24;2.369
327;17;37.778;48;40.000;77;36.667;92;36.508;68;32.381;50;41.667;18;40.000;3;30.000;0;0.000;373;36.821
328;9;20.000;24;20.000;48;22.857;38;15.079;19;9.048;22;18.333;12;26.667;0;0.000;0;0.000;172;16.979
329;12;26.667;38;31.667;73;34.762;94;37.302;87;41.429;58;48.333;24;53.333;4;40.000;0;0.000;390;38.500
330;5;11.111;5;4.167;0;0.000;1;0.397;0;0.000;0;0.000;0;0.000;0;0.000;0;0.000;11;1.086
331;3;6.667;2;1.667;1;0.476;0;0.000;0;0.000;0;0.000;0;0.000;0;0.000;0;0.000;6;0.592
332;10;22.222;20;16.667;26;12.381;28;11.111;12;5.714;5;4.167;5;11.111;0;0.000;0;0.000;106;10.464
333;15;33.333;39;32.500;78;37.143;94;37.302;92;43.810;46;38.333;20;44.444;6;60.000;1;100.000;391;38.598
334;7;15.556;13;10.833;16;7.619;7;2.778;15;7.143;7;5.833;0;0.000;0;0.000;0;0.000;65;6.417
335;24;53.333;82;68.333;167;79.524;197;78.175;193;91.905;111;92.500;45;100.000;10;100.000;1;100.000;830;81.935
336;1;2.222;7;5.833;1;0.476;0;0.000;0;0.000;0;0.000;0;0.000;0;0.000;0;0.000;9;0.888
337;4;8.889;6;5.000;1;0.476;4;1.587;2;0.952;0;0.000;0;0.000;0;0.000;0;0.000;17;1.678
338;11;24.444;9;7.500;26;12.381;11;4.365;9;4.286;0;0.000;1;2.222;0;0.000;0;0.000;67;6.614
339;9;20.000;8;6.667;3;1.429;2;0.794;1;0.476;0;0.000;0;0.000;0;0.000;0;0.000;23;2.270
340;1;2.222;2;1.667;4;1.905;1;0.397;0;0.000;0;0.000;0;0.000;0;0.000;0;0.000;8;0.790
341;1;2.222;0;0.000;0;0.000;0;0.000;0;0.000;0;0.000;0;0.000;0;0.000;0;0.000;1;0.099
342;5;11.111;5;4.167;0;0.000;0;0.000;0;0.000;0;0.000;0;0.000;0;0.000;0;0.000;10;0.987
343;20;44.444;61;50.833;121;57.619;150;59.524;118;56.190;98;81.667;36;80.000;8;80.000;1;100.000;613;60.513
344;22;48.889;60;50.000;114;54.286;158;62.698;150;71.429;94;78.333;42;93.333;9;90.000;1;100.000;650;64.166
345;14;31.111;33;27.500;52;24.762;73;28.968;53;25.238;46;38.333;7;15.556;6;60.000;0;0.000;284;28.036
347;3;6.667;7;5.833;8;3.810;4;1.587;0;0.000;0;0.000;0;0.000;0;0.000;0;0.000;22;2.172
349;11;24.444;31;25.833;52;24.762;73;28.968;44;20.952;5;4.167;5;11.111;2;20.000;0;0.000;223;22.014
350;6;13.333;13;10.833;8;3.810;7;2.778;1;0.476;2;1.667;0;0.000;0;0.000;0;0.000;37;3.653
351;10;22.222;28;23.333;48;22.857;45;17.857;38;18.095;10;8.333;4;8.889;2;20.000;0;0.000;185;18.263
352;18;40.000;38;31.667;70;33.333;93;36.905;55;26.190;63;52.500;22;48.889;4;40.000;0;0.000;363;35.834
353;9;20.000;26;21.667;21;10.000;7;2.778;7;3.333;2;1.667;1;2.222;0;0.000;0;0.000;73;7.206
354;10;22.222;28;23.333;54;25.714;57;22.619;37;17.619;6;5.000;1;2.222;2;20.000;0;0.000;195;19.250
356;3;6.667;0;0.000;0;0.000;0;0.000;0;0.000;0;0.000;0;0.000;0;0.000;0;0.000;3;0.296
357;10;22.222;9;7.500;21;10.000;17;6.746;18;8.571;5;4.167;0;0.000;0;0.000;0;0.000;80;7.897
360;8;17.778;8;6.667;16;7.619;4;1.587;1;0.476;1;0.833;0;0.000;0;0.000;0;0.000;38;3.751
361;5;11.111;14;11.667;23;10.952;14;5.556;7;3.333;4;3.333;0;0.000;1;10.000;0;0.000;68;6.713
362;6;13.333;5;4.167;4;1.905;1;0.397;1;0.476;3;2.500;0;0.000;0;0.000;0;0.000;20;1.974
364;1;2.222;0;0.000;0;0.000;0;0.000;0;0.000;0;0.000;0;0.000;0;0.000;0;0.000;1;0.099
365;9;20.000;31;25.833;55;26.190;49;19.444;28;13.333;9;7.500;1;2.222;0;0.000;0;0.000;182;17.966
366;8;17.778;27;22.500;24;11.429;29;11.508;5;2.381;1;0.833;0;0.000;0;0.000;0;0.000;94;9.279
367;6;13.333;10;8.333;3;1.429;6;2.381;1;0.476;0;0.000;0;0.000;0;0.000;0;0.000;26;2.567
368;9;20.000;15;12.500;14;6.667;11;4.365;0;0.000;0;0.000;0;0.000;0;0.000;0;0.000;49;4.837
370;10;22.222;25;20.833;33;15.714;33;13.095;43;20.476;16;13.333;3;6.667;0;0.000;0;0.000;163;16.091
371;12;26.667;25;20.833;39;18.571;52;20.635;52;24.762;46;38.333;1;2.222;1;10.000;0;0.000;228;22.507
372;7;15.556;18;15.000;11;5.238;2;0.794;0;0.000;0;0.000;0;0.000;0;0.000;0;0.000;38;3.751
373;9;20.000;23;19.167;12;5.714;15;5.952;6;2.857;4;3.333;0;0.000;0;0.000;0;0.000;69;6.811
374;17;37.778;55;45.833;115;54.762;134;53.175;118;56.190;72;60.000;31;68.889;8;80.000;0;0.000;550;54.294
375;7;15.556;18;15.000;19;9.048;26;10.317;18;8.571;2;1.667;0;0.000;0;0.000;0;0.000;90;8.885
377;1;2.222;1;0.833;0;0.000;0;0.000;0;0.000;0;0.000;0;0.000;0;0.000;0;0.000;2;0.197
378;7;15.556;8;6.667;12;5.714;14;5.556;4;1.905;1;0.833;0;0.000;0;0.000;0;0.000;46;4.541
380;2;4.444;6;5.000;1;0.476;0;0.000;0;0.000;0;0.000;0;0.000;0;0.000;0;0.000;9;0.888
381;17;37.778;47;39.167;79;37.619;101;40.079;100;47.619;50;41.667;19;42.222;7;70.000;0;0.000;420;41.461
382;3;6.667;2;1.667;1;0.476;4;1.587;0;0.000;0;0.000;0;0.000;0;0.000;0;0.000;10;0.987
383;9;20.000;29;24.167;58;27.619;28;11.111;5;2.381;2;1.667;0;0.000;0;0.000;0;0.000;131;12.932
384;1;2.222;1;0.833;0;0.000;0;0.000;0;0.000;0;0.000;0;0.000;0;0.000;0;0.000;2;0.197
385;6;13.333;6;5.000;3;1.429;2;0.794;0;0.000;0;0.000;0;0.000;0;0.000;0;0.000;17;1.678
386;9;20.000;31;25.833;50;23.810;32;12.698;5;2.381;13;10.833;3;6.667;0;0.000;0;0.000;143;14.116
387;5;11.111;4;3.333;2;0.952;1;0.397;0;0.000;0;0.000;0;0.000;0;0.000;0;0.000;12;1.185
388;15;33.333;24;20.000;53;25.238;43;17.063;79;37.619;31;25.833;1;2.222;2;20.000;0;0.000;248;24.482
389;1;2.222;2;1.667;0;0.000;0;0.000;0;0.000;0;0.000;0;0.000;0;0.000;0;0.000;3;0.296
391;5;11.111;0;0.000;0;0.000;0;0.000;0;0.000;0;0.000;0;0.000;0;0.000;0;0.000;5;0.494
392;9;20.000;28;23.333;30;14.286;33;13.095;9;4.286;4;3.333;0;0.000;2;20.000;0;0.000;115;11.352
393;12;26.667;36;30.000;84;40.000;116;46.032;103;49.048;53;44.167;31;68.889;6;60.000;1;100.000;442;43.633
394;1;2.222;0;0.000;0;0.000;0;0.000;0;0.000;0;0.000;0;0.000;0;0.000;0;0.000;1;0.099
395;9;20.000;29;24.167;32;15.238;37;14.683;20;9.524;6;5.000;0;0.000;0;0.000;0;0.000;133;13.129
396;1;2.222;1;0.833;0;0.000;0;0.000;0;0.000;0;0.000;0;0.000;0;0.000;0;0.000;2;0.197
397;9;20.000;10;8.333;15;7.143;4;1.587;0;0.000;0;0.000;1;2.222;0;0.000;0;0.000;39;3.850
398;6;13.333;7;5.833;2;0.952;2;0.794;0;0.000;0;0.000;0;0.000;0;0.000;0;0.000;17;1.678
399;2;4.444;4;3.333;2;0.952;0;0.000;0;0.000;0;0.000;0;0.000;0;0.000;0;0.000;8;0.790
400;6;13.333;8;6.667;12;5.714;21;8.333;3;1.429;0;0.000;0;0.000;0;0.000;0;0.000;50;4.936
401;13;28.889;38;31.667;41;19.524;66;26.190;28;13.333;50;41.667;11;24.444;1;10.000;0;0.000;248;24.482
402;15;33.333;41;34.167;85;40.476;126;50.000;120;57.143;82;68.333;26;57.778;6;60.000;0;0.000;501;49.457
403;0;0.000;1;0.833;0;0.000;0;0.000;0;0.000;0;0.000;0;0.000;0;0.000;0;0.000;1;0.099
404;11;24.444;38;31.667;80;38.095;85;33.730;119;56.667;53;44.167;14;31.111;4;40.000;0;0.000;404;39.882
405;17;37.778;64;53.333;128;60.952;142;56.349;80;38.095;76;63.333;26;57.778;8;80.000;1;100.000;542;53.504
406;2;4.444;4;3.333;3;1.429;1;0.397;0;0.000;0;0.000;0;0.000;0;0.000;0;0.000;10;0.987
407;9;20.000;16;13.333;17;8.095;7;2.778;3;1.429;0;0.000;0;0.000;0;0.000;0;0.000;52;5.133
408;25;55.556;68;56.667;121;57.619;178;70.635;160;76.190;74;61.667;37;82.222;10;100.000;1;100.000;674;66.535
409;1;2.222;0;0.000;0;0.000;1;0.397;0;0.000;0;0.000;0;0.000;0;0.000;0;0.000;2;0.197
411;13;28.889;42;35.000;89;42.381;115;45.635;113;53.810;69;57.500;31;68.889;8;80.000;1;100.000;481;47.483
412;1;2.222;0;0.000;0;0.000;0;0.000;0;0.000;0;0.000;0;0.000;0;0.000;0;0.000;1;0.099
413;1;2.222;0;0.000;0;0.000;0;0.000;0;0.000;0;0.000;0;0.000;0;0.000;0;0.000;1;0.099
414;9;20.000;27;22.500;42;20.000;30;11.905;16;7.619;5;4.167;9;20.000;0;0.000;0;0.000;138;13.623
416;2;4.444;2;1.667;0;0.000;0;0.000;0;0.000;0;0.000;0;0.000;0;0.000;0;0.000;4;0.395
417;2;4.444;0;0.000;0;0.000;0;0.000;0;0.000;0;0.000;0;0.000;0;0.000;0;0.000;2;0.197
419;26;57.778;74;61.667;141;67.143;177;70.238;164;78.095;112;93.333;37;82.222;10;100.000;1;100.000;742;73.248
420;16;35.556;41;34.167;59;28.095;91;36.111;57;27.143;47;39.167;18;40.000;2;20.000;1;100.000;332;32.774
422;1;2.222;2;1.667;0;0.000;1;0.397;0;0.000;0;0.000;0;0.000;0;0.000;0;0.000;4;0.395
423;2;4.444;0;0.000;0;0.000;0;0.000;0;0.000;0;0.000;0;0.000;0;0.000;0;0.000;2;0.197
424;9;20.000;30;25.000;27;12.857;36;14.286;8;3.810;9;7.500;3;6.667;0;0.000;0;0.000;122;12.043
425;7;15.556;19;15.833;29;13.810;22;8.730;11;5.238;11;9.167;5;11.111;0;0.000;0;0.000;104;10.267
426;8;17.778;11;9.167;26;12.381;30;11.905;13;6.190;3;2.500;1;2.222;0;0.000;0;0.000;92;9.082
427;8;17.778;12;10.000;12;5.714;2;0.794;0;0.000;0;0.000;0;0.000;0;0.000;0;0.000;34;3.356
428;6;13.333;9;7.500;13;6.190;6;2.381;19;9.048;5;4.167;3;6.667;0;0.000;0;0.000;61;6.022
429;1;2.222;3;2.500;0;0.000;1;0.397;0;0.000;0;0.000;0;0.000;0;0.000;0;0.000;5;0.494
430;9;20.000;19;15.833;28;13.333;8;3.175;3;1.429;0;0.000;0;0.000;0;0.000;0;0.000;67;6.614
431;6;13.333;12;10.000;12;5.714;15;5.952;2;0.952;3;2.500;2;4.444;0;0.000;0;0.000;52;5.133
432;8;17.778;15;12.500;16;7.619;8;3.175;7;3.333;1;0.833;0;0.000;0;0.000;0;0.000;55;5.429
433;2;4.444;3;2.500;0;0.000;0;0.000;0;0.000;0;0.000;0;0.000;0;0.000;0;0.000;5;0.494
434;6;13.333;9;7.500;16;7.619;5;1.984;0;0.000;0;0.000;0;0.000;0;0.000;0;0.000;36;3.554
435;18;40.000;52;43.333;91;43.333;142;56.349;102;48.571;76;63.333;31;68.889;8;80.000;1;100.000;521;51.431
436;8;17.778;13;10.833;27;12.857;24;9.524;23;10.952;0;0.000;0;0.000;0;0.000;0;0.000;95;9.378
437;8;17.778;7;5.833;15;7.143;22;8.730;5;2.381;16;13.333;4;8.889;0;0.000;0;0.000;77;7.601
438;1;2.222;1;0.833;0;0.000;0;0.000;0;0.000;0;0.000;0;0.000;0;0.000;0;0.000;2;0.197
439;5;11.111;2;1.667;0;0.000;1;0.397;0;0.000;0;0.000;0;0.000;0;0.000;0;0.000;8;0.790
440;12;26.667;40;33.333;85;40.476;127;50.397;126;60.000;84;70.000;32;71.111;8;80.000;0;0.000;514;50.740
442;11;24.444;25;20.833;28;13.333;31;12.302;7;3.333;13;10.833;2;4.444;0;0.000;0;0.000;117;11.550
444;6;13.333;1;0.833;0;0.000;0;0.000;0;0.000;0;0.000;0;0.000;0;0.000;0;0.000;7;0.691
445;9;20.000;37;30.833;72;34.286;108;42.857;62;29.524;52;43.333;15;33.333;4;40.000;0;0.000;359;35.439
446;4;8.889;5;4.167;4;1.905;0;0.000;0;0.000;0;0.000;0;0.000;0;0.000;0;0.000;13;1.283
447;5;11.111;10;8.333;13;6.190;10;3.968;4;1.905;0;0.000;0;0.000;0;0.000;0;0.000;42;4.146
448;11;24.444;20;16.667;33;15.714;27;10.714;33;15.714;9;7.500;2;4.444;0;0.000;0;0.000;135;13.327
449;1;2.222;5;4.167;1;0.476;0;0.000;0;0.000;0;0.000;0;0.000;0;0.000;0;0.000;7;0.691
450;7;15.556;9;7.500;16;7.619;11;4.365;3;1.429;0;0.000;0;0.000;0;0.000;0;0.000;46;4.541
451;9;20.000;36;30.000;83;39.524;79;31.349;86;40.952;18;15.000;3;6.667;0;0.000;0;0.000;314;30.997
452;6;13.333;20;16.667;14;6.667;16;6.349;8;3.810;17;14.167;2;4.444;0;0.000;0;0.000;83;8.193
453;9;20.000;36;30.000;82;39.048;105;41.667;85;40.476;39;32.500;16;35.556;6;60.000;0;0.000;378;37.315
454;5;11.111;1;0.833;0;0.000;0;0.000;0;0.000;0;0.000;0;0.000;0;0.000;0;0.000;6;0.592
455;4;8.889;13;10.833;17;8.095;15;5.952;13;6.190;7;5.833;2;4.444;0;0.000;0;0.000;71;7.009
456;1;2.222;3;2.500;1;0.476;0;0.000;0;0.000;0;0.000;0;0.000;0;0.000;0;0.000;5;0.494
457;4;8.889;3;2.500;0;0.000;0;0.000;0;0.000;0;0.000;0;0.000;0;0.000;0;0.000;7;0.691
459;11;24.444;21;17.500;35;16.667;22;8.730;25;11.905;40;33.333;4;8.889;3;30.000;0;0.000;161;15.893
460;18;40.000;38;31.667;82;39.048;85;33.730;78;37.143;61;50.833;25;55.556;5;50.000;0;0.000;392;38.697
461;14;31.111;41;34.167;64;30.476;96;38.095;63;30.000;33;27.500;9;20.000;5;50.000;0;0.000;325;32.083
463;12;26.667;37;30.833;82;39.048;111;44.048;92;43.810;41;34.167;21;46.667;8;80.000;1;100.000;405;39.980
464;2;4.444;1;0.833;0;0.000;0;0.000;0;0.000;0;0.000;0;0.000;0;0.000;0;0.000;3;0.296
465;1;2.222;0;0.000;0;0.000;0;0.000;0;0.000;0;0.000;0;0.000;0;0.000;0;0.000;1;0.099
466;7;15.556;8;6.667;11;5.238;11;4.365;0;0.000;1;0.833;0;0.000;0;0.000;0;0.000;38;3.751
467;5;11.111;3;2.500;3;1.429;0;0.000;0;0.000;1;0.833;1;2.222;0;0.000;0;0.000;13;1.283
469;1;2.222;0;0.000;0;0.000;0;0.000;0;0.000;0;0.000;0;0.000;0;0.000;0;0.000;1;0.099
470;1;2.222;1;0.833;0;0.000;1;0.397;0;0.000;0;0.000;0;0.000;0;0.000;0;0.000;3;0.296
472;4;8.889;9;7.500;10;4.762;18;7.143;0;0.000;3;2.500;0;0.000;0;0.000;0;0.000;44;4.344
473;3;6.667;0;0.000;0;0.000;0;0.000;0;0.000;0;0.000;0;0.000;0;0.000;0;0.000;3;0.296
475;39;86.667;115;95.833;208;99.048;252;100.000;210;100.000;120;100.000;45;100.000;10;100.000;1;100.000;1000;98.717
476;40;88.889;117;97.500;209;99.524;252;100.000;210;100.000;120;100.000;45;100.000;10;100.000;1;100.000;1004;99.112
477;30;66.667;97;80.833;185;88.095;238;94.444;202;96.190;120;100.000;45;100.000;10;100.000;1;100.000;928;91.609
478;41;91.111;117;97.500;209;99.524;252;100.000;210;100.000;120;100.000;45;100.000;10;100.000;1;100.000;1005;99.210
479;33;73.333;105;87.500;195;92.857;245;97.222;208;99.048;120;100.000;45;100.000;10;100.000;1;100.000;962;94.965
480;44;97.778;120;100.000;210;100.000;252;100.000;210;100.000;120;100.000;45;100.000;10;100.000;1;100.000;1012;99.901
481;40;88.889;115;95.833;209;99.524;251;99.603;210;100.000;120;100.000;45;100.000;10;100.000;1;100.000;1001;98.815
482;45;100.000;120;100.000;210;100.000;252;100.000;210;100.000;120;100.000;45;100.000;10;100.000;1;100.000;1013;100.000
483;32;71.111;102;85.000;192;91.429;242;96.032;209;99.524;120;100.000;45;100.000;10;100.000;1;100.000;953;94.077
484;35;77.778;100;83.333;194;92.381;244;96.825;208;99.048;119;99.167;45;100.000;10;100.000;1;100.000;956;94.373
485;39;86.667;110;91.667;205;97.619;249;98.810;210;100.000;120;100.000;45;100.000;10;100.000;1;100.000;989;97.631
486;43;95.556;119;99.167;210;100.000;252;100.000;210;100.000;120;100.000;45;100.000;10;100.000;1;100.000;1010;99.704
487;42;93.333;118;98.333;209;99.524;252;100.000;210;100.000;120;100.000;45;100.000;10;100.000;1;100.000;1007;99.408
488;32;71.111;101;84.167;198;94.286;245;97.222;209;99.524;120;100.000;45;100.000;10;100.000;1;100.000;961;94.867
489;35;77.778;105;87.500;197;93.810;246;97.619;209;99.524;120;100.000;45;100.000;10;100.000;1;100.000;968;95.558
490;43;95.556;119;99.167;210;100.000;252;100.000;210;100.000;120;100.000;45;100.000;10;100.000;1;100.000;1010;99.704
491;30;66.667;99;82.500;193;91.905;239;94.841;208;99.048;118;98.333;45;100.000;10;100.000;1;100.000;943;93.090
492;39;86.667;112;93.333;205;97.619;252;100.000;210;100.000;120;100.000;45;100.000;10;100.000;1;100.000;994;98.124
493;37;82.222;110;91.667;203;96.667;250;99.206;210;100.000;120;100.000;45;100.000;10;100.000;1;100.000;986;97.335
494;42;93.333;119;99.167;210;100.000;252;100.000;210;100.000;120;100.000;45;100.000;10;100.000;1;100.000;1009;99.605
495;42;93.333;119;99.167;210;100.000;252;100.000;210;100.000;120;100.000;45;100.000;10;100.000;1;100.000;1009;99.605
496;35;77.778;106;88.333;201;95.714;249;98.810;210;100.000;120;100.000;45;100.000;10;100.000;1;100.000;977;96.446
497;32;71.111;101;84.167;191;90.952;242;96.032;206;98.095;120;100.000;45;100.000;10;100.000;1;100.000;948;93.583
498;36;80.000;103;85.833;194;92.381;243;96.429;209;99.524;120;100.000;45;100.000;10;100.000;1;100.000;961;94.867
499;44;97.778;120;100.000;210;100.000;252;100.000;210;100.000;120;100.000;45;100.000;10;100.000;1;100.000;1012;99.901
500;39;86.667;114;95.000;206;98.095;252;100.000;210;100.000;120;100.000;45;100.000;10;100.000;1;100.000;997;98.421
501;42;93.333;119;99.167;210;100.000;252;100.000;210;100.000;120;100.000;45;100.000;10;100.000;1;100.000;1009;99.605
502;40;88.889;118;98.333;209;99.524;252;100.000;210;100.000;120;100.000;45;100.000;10;100.000;1;100.000;1005;99.210
503;33;73.333;97;80.833;189;90.000;240;95.238;208;99.048;120;100.000;45;100.000;10;100.000;1;100.000;943;93.090
504;42;93.333;119;99.167;210;100.000;252;100.000;210;100.000;120;100.000;45;100.000;10;100.000;1;100.000;1009;99.605
505;36;80.000;108;90.000;202;96.190;248;98.413;210;100.000;120;100.000;45;100.000;10;100.000;1;100.000;980;96.742
506;44;97.778;119;99.167;210;100.000;252;100.000;210;100.000;120;100.000;45;100.000;10;100.000;1;100.000;1011;99.803
507;36;80.000;106;88.333;199;94.762;247;98.016;210;100.000;120;100.000;45;100.000;10;100.000;1;100.000;974;96.150
508;44;97.778;120;100.000;210;100.000;252;100.000;210;100.000;120;100.000;45;100.000;10;100.000;1;100.000;1012;99.901
509;17;37.778;67;55.833;144;68.571;196;77.778;182;86.667;112;93.333;44;97.778;10;100.000;1;100.000;773;76.308
510;36;80.000;112;93.333;205;97.619;251;99.603;210;100.000;120;100.000;45;100.000;10;100.000;1;100.000;990;97.730
511;35;77.778;110;91.667;205;97.619;251;99.603;210;100.000;120;100.000;45;100.000;10;100.000;1;100.000;987;97.433
512;45;100.000;120;100.000;210;100.000;252;100.000;210;100.000;120;100.000;45;100.000;10;100.000;1;100.000;1013;100.000
513;45;100.000;120;100.000;210;100.000;252;100.000;210;100.000;120;100.000;45;100.000;10;100.000;1;100.000;1013;100.000
514;39;86.667;116;96.667;209;99.524;252;100.000;210;100.000;120;100.000;45;100.000;10;100.000;1;100.000;1002;98.914
515;43;95.556;119;99.167;210;100.000;252;100.000;210;100.000;120;100.000;45;100.000;10;100.000;1;100.000;1010;99.704
516;36;80.000;110;91.667;204;97.143;248;98.413;210;100.000;120;100.000;45;100.000;10;100.000;1;100.000;984;97.137
517;39;86.667;116;96.667;209;99.524;252;100.000;210;100.000;120;100.000;45;100.000;10;100.000;1;100.000;1002;98.914
518;45;100.000;120;100.000;210;100.000;252;100.000;210;100.000;120;100.000;45;100.000;10;100.000;1;100.000;1013;100.000
519;43;95.556;120;100.000;210;100.000;252;100.000;210;100.000;120;100.000;45;100.000;10;100.000;1;100.000;1011;99.803
520;39;86.667;116;96.667;209;99.524;251;99.603;210;100.000;120;100.000;45;100.000;10;100.000;1;100.000;1001;98.815
521;42;93.333;119;99.167;210;100.000;252;100.000;210;100.000;120;100.000;45;100.000;10;100.000;1;100.000;1009;99.605
522;42;93.333;119;99.167;210;100.000;252;100.000;210;100.000;120;100.000;45;100.000;10;100.000;1;100.000;1009;99.605
523;40;88.889;116;96.667;206;98.095;252;100.000;210;100.000;120;100.000;45;100.000;10;100.000;1;100.000;1000;98.717
524;36;80.000;109;90.833;203;96.667;248;98.413;210;100.000;120;100.000;45;100.000;10;100.000;1;100.000;982;96.940
525;45;100.000;120;100.000;210;100.000;252;100.000;210;100.000;120;100.000;45;100.000;10;100.000;1;100.000;1013;100.000
526;44;97.778;120;100.000;210;100.000;252;100.000;210;100.000;120;100.000;45;100.000;10;100.000;1;100.000;1012;99.901
527;41;91.111;117;97.500;209;99.524;252;100.000;210;100.000;120;100.000;45;100.000;10;100.000;1;100.000;1005;99.210
528;44;97.778;120;100.000;210;100.000;252;100.000;210;100.000;120;100.000;45;100.000;10;100.000;1;100.000;1012;99.901
529;41;91.111;118;98.333;210;100.000;252;100.000;210;100.000;120;100.000;45;100.000;10;100.000;1;100.000;1007;99.408
530;36;80.000;110;91.667;205;97.619;251;99.603;210;100.000;120;100.000;45;100.000;10;100.000;1;100.000;988;97.532
531;40;88.889;117;97.500;208;99.048;252;100.000;210;100.000;120;100.000;45;100.000;10;100.000;1;100.000;1003;99.013
532;40;88.889;116;96.667;209;99.524;252;100.000;210;100.000;120;100.000;45;100.000;10;100.000;1;100.000;1003;99.013
533;42;93.333;118;98.333;210;100.000;252;100.000;210;100.000;120;100.000;45;100.000;10;100.000;1;100.000;1008;99.506
534;43;95.556;120;100.000;210;100.000;252;100.000;210;100.000;120;100.000;45;100.000;10;100.000;1;100.000;1011;99.803
535;42;93.333;119;99.167;210;100.000;252;100.000;210;100.000;120;100.000;45;100.000;10;100.000;1;100.000;1009;99.605
536;45;100.000;120;100.000;210;100.000;252;100.000;210;100.000;120;100.000;45;100.000;10;100.000;1;100.000;1013;100.000
537;38;84.444;112;93.333;206;98.095;251;99.603;210;100.000;120;100.000;45;100.000;10;100.000;1;100.000;993;98.026
538;35;77.778;110;91.667;204;97.143;249;98.810;209;99.524;120;100.000;45;100.000;10;100.000;1;100.000;983;97.038
539;44;97.778;120;100.000;210;100.000;252;100.000;210;100.000;120;100.000;45;100.000;10;100.000;1;100.000;1012;99.901
540;33;73.333;103;85.833;195;92.857;247;98.016;209;99.524;120;100.000;45;100.000;10;100.000;1;100.000;963;95.064
541;45;100.000;120;100.000;210;100.000;252;100.000;210;100.000;120;100.000;45;100.000;10;100.000;1;100.000;1013;100.000
542;42;93.333;119;99.167;210;100.000;252;100.000;210;100.000;120;100.000;45;100.000;10;100.000;1;100.000;1009;99.605
543;44;97.778;120;100.000;210;100.000;252;100.000;210;100.000;120;100.000;45;100.000;10;100.000;1;100.000;1012;99.901
544;34;75.556;106;88.333;198;94.286;246;97.619;208;99.048;120;100.000;45;100.000;10;100.000;1;100.000;968;95.558
545;45;100.000;120;100.000;210;100.000;252;100.000;210;100.000;120;100.000;45;100.000;10;100.000;1;100.000;1013;100.000
546;42;93.333;116;96.667;209;99.524;252;100.000;210;100.000;120;100.000;45;100.000;10;100.000;1;100.000;1005;99.210
547;45;100.000;120;100.000;210;100.000;252;100.000;210;100.000;120;100.000;45;100.000;10;100.000;1;100.000;1013;100.000
548;38;84.444;111;92.500;206;98.095;251;99.603;210;100.000;120;100.000;45;100.000;10;100.000;1;100.000;992;97.927
549;36;80.000;110;91.667;205;97.619;250;99.206;209;99.524;120;100.000;45;100.000;10;100.000;1;100.000;986;97.335
